LotArea,YearBuilt,TotalBsmtSF,1stFlrSF,2ndFlrSF,FullBath,BedroomAbvGr,TotRmsAbvGrd,GarageArea,GrLivArea,MSSubClass,OverallCond,SalePrice
8450,2003,856,856,854,2,3,8,548,1710,60,5,208500
9600,1976,1262,1262,0,2,3,6,460,1262,20,8,181500
11250,2001,920,920,866,2,3,6,608,1786,60,5,223500
9550,1915,756,961,756,1,3,7,642,1717,70,5,140000
14260,2000,1145,1145,1053,2,4,9,836,2198,60,5,250000
5860,2002,830,1894,1200,1,2,6,414,3094,70,7,274103
6685,1902,959,1932,991,2,2,4,360,2923,60,8,209806
16096,2007,1331,1074,1181,3,3,7,443,2255,20,5,206356
13838,1950,513,620,0,2,4,6,515,620,60,4,80166
7612,1989,705,1497,866,3,4,6,234,2363,20,6,194295
12555,2003,1202,1625,0,2,2,5,676,1625,60,4,174425
9297,1933,1224,1595,1315,3,4,6,495,2910,120,4,238912
9887,1952,1312,816,0,1,1,3,214,816,20,3,71188
18440,1987,1174,1247,0,3,3,5,591,1247,70,3,144306
8561,1904,547,830,527,3,1,4,232,1357,120,5,107305
15965,2003,717,1560,0,3,3,5,204,1560,70,3,140806
10977,1914,1399,1491,0,3,1,3,295,1491,120,9,111094
6678,2008,1295,1794,0,1,3,7,285,1794,60,4,165723
18339,1927,689,1963,830,2,4,6,430,2793,20,3,209116
11776,1961,1176,1227,0,3,3,5,517,1227,20,5,129685
5663,1943,941,1997,0,1,4,6,696,1997,50,6,195728
8696,2000,1065,1551,0,1,2,5,419,1551,120,3,171076
15969,1943,779,846,702,3,1,5,493,1548,120,6,130407
6930,1985,1263,1351,700,3,5,9,859,2051,70,6,207066
6986,1989,1050,746,0,3,4,6,839,746,60,3,111572
13120,1991,1263,1072,0,3,2,6,462,1072,60,3,130911
18168,1959,732,601,753,1,5,9,208,1354,70,5,123931
6154,1979,1467,1003,619,1,4,8,824,1622,50,8,168897
5098,1988,1219,752,0,2,2,5,362,752,120,3,114583
10699,1932,532,1400,0,3,3,5,839,1400,50,5,152580
11893,1921,776,637,1062,2,3,7,425,1699,20,6,168370
10600,1963,548,1052,0,3,4,8,391,1052,20,6,116979
6069,1992,801,1996,1391,1,5,7,696,3387,120,9,289389
14331,1996,517,790,0,3,1,5,327,790,20,4,113143
10442,1957,989,1285,0,3,2,6,354,1285,60,4,111234
13096,2003,1366,845,0,1,2,6,737,845,60,3,127847
11971,1912,642,1502,1184,1,4,8,670,2686,50,4,219441
15966,1931,1069,1453,0,2,5,8,513,1453,20,6,124537
8854,1969,695,1677,1112,1,5,7,302,2789,120,6,250023
11966,1946,1158,1535,768,2,4,7,869,2303,20,9,217158
10177,1991,557,1969,0,1,1,3,840,1969,60,3,204035
8672,1947,1462,1087,1396,1,5,8,446,2483,50,4,196589
18284,1950,593,1709,0,2,4,6,246,1709,50,7,161829
15457,1915,1233,1073,0,3,4,6,453,1073,120,9,122409
19069,1909,941,1723,0,3,2,5,858,1723,20,7,163474
16279,1903,1407,1391,757,1,4,8,863,2148,60,5,209905
9000,1932,1341,1556,1112,3,1,3,367,2668,70,6,218674
9107,1912,1275,1925,0,3,2,6,289,1925,120,4,149305
16261,1989,1125,1017,0,3,4,7,700,1017,120,5,122202
5728,1935,1238,1900,1175,2,5,7,391,3075,20,5,249263
10073,1935,1024,1608,1163,3,5,7,894,2771,20,5,254022
18584,1929,676,661,0,1,5,9,218,661,50,6,56170
9171,1918,866,864,0,2,4,8,705,864,120,7,120189
16130,1924,1434,1774,538,1,5,8,385,2312,60,7,194404
13924,1986,1412,834,1250,1,2,5,691,2084,120,8,196372
18964,1945,1016,1791,0,2,3,6,393,1791,120,7,169982
18807,1907,1303,1988,0,1,1,3,331,1988,50,9,173088
7923,1960,950,1805,1213,2,3,7,325,3018,120,7,252743
8709,1991,886,1681,955,1,1,5,200,2636,120,6,211424
6531,1962,1055,1992,0,1,5,8,257,1992,120,7,191710
18460,1946,1031,679,702,1,4,8,858,1381,20,4,144160
8376,2004,829,1766,0,1,3,7,211,1766,50,6,185473
11819,1991,1239,689,0,2,4,6,240,689,70,8,114718
11132,1932,1093,1060,1424,1,3,5,589,2484,70,7,206266
5009,1965,564,1423,750,1,5,9,573,2173,60,9,210593
18528,1962,1010,1426,960,1,2,4,298,2386,20,7,215909
7000,1991,1176,1308,1369,3,5,9,764,2677,60,4,255446
12245,1984,948,1056,0,3,5,7,645,1056,20,4,155957
12239,1994,767,753,0,2,3,7,505,753,20,8,103987
16229,1904,574,1362,0,3,5,7,777,1362,70,9,131571
18051,1963,1358,1337,0,2,2,5,534,1337,70,9,135699
17536,1951,1062,765,0,3,4,7,305,765,20,7,106860
5137,1903,949,783,1284,1,2,5,252,2067,120,8,175076
17015,1942,1399,710,0,3,3,6,719,710,50,3,100721
5666,1966,965,692,560,2,3,7,204,1252,50,4,140908
18716,1921,1045,1437,0,1,4,7,245,1437,20,8,127569
12240,1944,1072,1393,620,2,3,7,247,2013,20,4,164428
17912,1907,715,1876,802,3,2,6,277,2678,60,7,223687
18623,1913,773,1482,1122,3,3,7,707,2604,60,8,242480
18503,1914,585,1084,0,3,1,3,430,1084,60,8,87612
8596,1916,645,1835,0,2,3,5,308,1835,50,9,156319
17910,1933,781,1992,1053,1,5,8,891,3045,60,5,261067
5876,1958,1329,1912,0,1,4,7,645,1912,20,9,194108
6063,1930,1346,828,722,2,2,6,203,1550,20,8,129585
18234,2001,799,1173,1346,3,2,6,372,2519,120,8,245435
15002,1967,819,1323,612,3,1,4,853,1935,120,8,205518
11988,1999,671,858,0,2,2,4,849,858,60,7,127397
6619,1901,918,920,0,1,1,3,749,920,20,7,113287
5235,1959,1012,933,958,1,2,6,746,1891,50,7,181277
14064,1910,504,1852,0,2,3,5,364,1852,70,5,131917
15813,1925,1339,731,0,2,1,4,495,731,70,7,72485
10142,1996,1461,1174,1164,1,1,5,702,2338,120,5,228462
13389,1950,1168,1178,1467,2,4,8,822,2645,20,6,251303
5922,2002,1450,1019,940,1,5,7,610,1959,20,8,190673
15049,1985,1376,1116,1364,2,5,9,427,2480,50,9,244946
16420,1907,1126,646,0,1,2,6,294,646,70,6,76281
7116,1942,895,610,1371,2,2,5,562,1981,60,7,171353
16473,1961,605,1584,0,3,4,6,326,1584,20,6,152110
16725,1928,904,1919,1278,3,1,4,812,3197,60,8,274846
6854,1900,636,1166,0,3,5,9,508,1166,60,6,126244
18224,1925,1402,1174,0,2,3,6,585,1174,60,5,137798
14146,1942,1355,1475,681,1,4,7,700,2156,20,3,219868
18290,1962,860,1261,0,2,5,7,283,1261,20,6,132137
10182,1991,531,1983,1268,1,3,7,517,3251,120,3,290728
13477,1992,1001,1767,517,1,3,7,393,2284,50,3,223067
10797,1993,1299,1546,0,1,5,9,842,1546,60,4,177613
8451,1933,1258,686,1299,2,5,7,512,1985,70,9,168432
12221,1971,917,1360,1078,3,1,5,463,2438,70,8,211713
7538,1945,1274,1051,681,1,2,6,529,1732,20,9,165769
18859,1918,1245,1908,0,2,1,5,722,1908,60,5,194194
6555,1911,1439,860,0,2,1,4,252,860,70,6,74971
17880,1923,708,1313,558,2,1,4,314,1871,20,4,169942
12368,2002,1109,1901,503,2,2,4,308,2404,120,5,236369
15281,1984,1497,1979,0,2,1,3,352,1979,60,6,171352
5341,2005,1405,626,1145,3,2,4,654,1771,120,3,214407
12643,1984,1204,1301,1075,2,4,7,562,2376,70,7,219575
9124,1925,809,748,510,1,3,7,426,1258,60,9,122510
9853,1923,966,1005,788,2,4,8,347,1793,70,6,147910
12101,1980,572,964,0,1,2,5,700,964,20,3,148488
14130,1960,607,641,0,3,3,6,428,641,50,5,90203
12009,2001,829,1123,0,3,3,5,216,1123,20,9,130301
16855,1961,873,815,1490,1,1,5,684,2305,20,4,211868
8993,1958,749,1088,546,2,1,5,285,1634,120,9,136062
13007,1947,942,1426,1093,3,4,8,601,2519,60,9,226956
14374,1913,1435,1775,0,1,2,6,370,1775,60,9,151460
13230,2007,515,1096,1481,1,5,8,360,2577,120,4,230513
13502,1965,915,1338,913,3,5,7,473,2251,70,5,227194
17316,1945,939,1557,0,2,5,7,471,1557,50,9,141156
12069,1909,502,1520,0,1,1,4,888,1520,120,8,159351
7033,1929,898,923,792,1,1,3,784,1715,20,3,174745
15426,1967,652,660,0,2,3,6,425,660,50,6,90184
14076,1953,1436,1866,829,3,2,4,417,2695,20,4,224899
6796,1905,1390,653,1188,1,3,6,772,1841,60,5,174895
12312,1961,828,815,1238,2,5,7,288,2053,50,8,180274
6290,1997,669,1551,0,1,1,5,531,1551,20,9,169505
12291,1987,536,1574,0,3,5,8,653,1574,50,7,178050
17880,1976,822,1737,0,2,5,9,897,1737,60,5,203412
6312,2008,1280,1885,835,1,3,7,880,2720,70,7,289688
18481,1952,1325,955,921,3,5,9,756,1876,20,5,182633
7719,1909,1488,962,0,3,2,5,788,962,50,9,100517
18836,1995,947,1669,0,1,1,5,899,1669,120,5,180787
15706,1969,1071,1013,0,1,2,6,611,1013,120,7,125721
12059,1967,1405,1083,0,3,1,4,600,1083,20,8,133563
7353,1981,506,1893,784,3,3,5,659,2677,120,5,240553
17191,1978,1237,1546,0,3,2,5,629,1546,120,6,165158
11540,1998,1473,638,1296,1,3,6,886,1934,50,8,210602
8778,1926,1273,1448,939,1,5,9,283,2387,70,3,203836
10626,1902,1331,1880,0,2,2,4,362,1880,20,3,147675
15001,1911,1104,1894,0,3,4,7,856,1894,120,9,177214
8633,1945,1026,798,1459,1,4,7,757,2257,20,8,205376
6875,2007,616,1120,0,1,4,8,700,1120,60,5,165959
15960,1976,1106,671,0,2,2,5,694,671,70,7,112651
18703,1940,1171,1378,0,1,1,3,245,1378,50,6,140198
14127,1973,615,841,0,2,1,3,788,841,60,8,122995
5089,2002,1462,721,1493,2,4,6,516,2214,70,8,220020
8144,1905,583,1982,1052,2,4,7,517,3034,70,9,246860
18395,1974,626,807,813,2,2,6,714,1620,20,6,188245
18258,1913,800,1577,0,3,4,6,736,1577,70,4,164280
13941,1954,806,1979,1232,3,5,9,487,3211,50,4,260901
5661,1917,944,1148,1372,3,3,6,234,2520,120,8,208020
18643,1906,1231,1461,1453,1,4,6,715,2914,50,8,261573
11295,1959,1239,1546,919,2,5,8,711,2465,60,9,237717
14989,1935,767,894,0,3,2,5,836,894,70,7,131677
19356,1939,797,1510,0,2,4,7,798,1510,50,8,164061
5374,1901,513,892,1052,2,4,6,822,1944,20,6,161394
8216,1969,948,1490,0,2,3,5,460,1490,50,6,147488
8374,1922,756,886,0,3,2,4,560,886,120,6,117483
12115,1942,1432,1112,0,2,4,6,306,1112,120,6,116728
8568,1948,1141,755,1401,3,5,8,533,2156,20,9,202662
5281,1919,1336,1396,534,2,5,7,258,1930,20,3,169597
9585,1911,805,875,715,3,3,6,416,1590,120,3,131898
12351,1994,1137,1094,1418,2,4,8,583,2512,120,6,224559
5891,2005,851,974,0,1,1,5,868,974,120,9,171586
15666,1989,1313,713,0,2,1,5,544,713,50,3,128550
18598,1918,1084,1676,860,2,4,7,774,2536,20,3,225012
11924,1947,1109,1184,0,3,1,5,523,1184,120,8,136995
14829,1903,830,618,1093,1,1,5,564,1711,20,8,155370
8726,1984,972,1688,0,3,5,9,804,1688,20,3,180887
11059,1934,584,701,0,3,2,5,202,701,60,4,79293
6177,1992,1239,1264,0,2,5,9,499,1264,70,9,146403
18178,2007,1314,1026,0,3,3,7,535,1026,120,6,160680
19115,1924,1392,1314,0,1,5,8,533,1314,50,7,136441
8610,2009,501,1350,1147,2,4,7,857,2497,20,7,264411
16608,1989,1408,949,0,3,4,7,238,949,20,4,102566
10047,1941,1058,635,0,2,1,3,561,635,70,7,84122
12285,1921,1483,1900,1404,2,1,5,209,3304,60,3,239982
15823,1941,549,751,0,2,3,5,779,751,70,6,95147
8273,1938,1080,1456,0,2,1,5,441,1456,20,5,136803
5630,1932,1022,1260,0,1,3,7,359,1260,60,3,126163
11652,1976,1157,1040,0,2,3,7,796,1040,70,4,155117
17200,1938,1053,1058,1199,2,3,6,301,2257,120,8,180563
19052,2003,1498,952,572,1,3,6,624,1524,50,7,165784
8713,1959,557,1555,1038,1,2,6,580,2593,70,8,246691
15966,1901,763,1795,708,3,2,6,315,2503,50,4,181886
14208,1946,1156,910,945,2,1,5,211,1855,50,6,149554
5236,1915,785,1902,0,2,5,7,832,1902,120,6,181161
12121,1921,1237,1055,660,1,4,7,699,1715,120,8,159563
10782,1996,1342,713,0,1,5,8,648,713,70,6,118783
9406,1967,989,861,1438,3,4,6,443,2299,50,9,223208
15917,1941,572,1193,657,2,3,7,725,1850,120,5,168871
9225,1990,1321,1530,0,2,2,4,452,1530,20,6,153986
14325,1913,1152,935,880,3,3,5,224,1815,120,4,159182
5963,1997,1345,1136,0,1,4,6,742,1136,50,4,170682
7719,1905,966,642,559,3,3,7,716,1201,60,4,141126
11525,1901,1404,1289,0,3,1,5,282,1289,70,7,90178
17477,1927,1284,1482,0,1,4,8,751,1482,120,9,166261
8292,1951,1127,1419,921,3,2,6,684,2340,120,5,229638
15331,1926,885,1581,1240,1,5,8,382,2821,70,7,244575
15900,1978,712,1249,1387,3,5,7,212,2636,60,4,222372
19308,1981,894,772,0,1,3,5,899,772,120,6,140690
15749,1925,1424,1145,0,2,3,5,635,1145,60,7,132811
8191,1916,1325,992,629,1,1,4,441,1621,50,7,149345
17218,1907,966,1325,578,1,4,8,372,1903,120,6,157224
14223,2000,934,1444,0,3,3,5,820,1444,70,3,180132
11420,1919,898,831,0,2,4,8,635,831,70,9,105658
18572,1957,1147,1372,851,2,4,6,422,2223,20,3,210692
14154,1949,1266,1435,668,1,2,6,389,2103,60,4,201224
13843,1935,1021,1369,1192,3,4,7,722,2561,20,4,236176
10784,1972,1479,1087,0,2,1,4,613,1087,120,6,143475
5685,1950,648,712,1494,2,1,3,729,2206,120,8,206867
5301,1907,1359,1983,1162,3,3,5,733,3145,120,7,259521
19876,1901,543,812,782,2,3,7,287,1594,120,8,110084
6724,1936,529,1976,1202,2,3,7,612,3178,50,9,256956
18422,2000,948,735,0,1,4,6,714,735,50,5,128877
18161,1963,1436,1072,1395,2,3,7,265,2467,120,3,210503
15473,1985,876,1201,511,1,1,4,636,1712,50,5,202391
10110,1994,631,1693,600,2,4,8,580,2293,50,4,208123
12321,1998,772,1421,904,2,4,6,219,2325,50,7,222097
9431,1902,1414,1297,1399,2,2,5,793,2696,50,6,212560
11354,2009,1426,1005,575,2,2,5,316,1580,50,5,166044
10469,1999,1262,782,980,2,4,6,675,1762,70,3,210477
17448,1944,577,1000,1159,3,3,7,758,2159,50,5,201102
8471,1989,1124,1436,0,1,2,5,818,1436,120,8,181590
7610,2008,848,1356,0,3,2,6,780,1356,120,6,159216
13895,1920,1291,860,1101,2,2,6,840,1961,20,6,180763
19139,1945,1224,1987,0,3,4,6,747,1987,50,4,201477
14435,1985,1228,1502,0,2,2,5,817,1502,120,8,190498
14911,1999,569,1195,1374,1,5,8,718,2569,60,5,236501
16918,1987,664,1543,925,2,4,7,512,2468,60,7,241388
8670,1902,1407,1583,0,3,1,3,583,1583,20,7,145760
12345,1932,788,1228,0,2,1,5,797,1228,20,7,151950
11171,1997,1465,1553,922,2,1,3,809,2475,60,3,245640
6537,1904,1178,621,565,2,2,6,836,1186,50,9,130907
19267,1937,1031,1170,0,3,1,5,476,1170,60,9,109783
18171,2009,1179,813,0,1,4,7,580,813,60,6,149471
7113,1962,935,1877,0,1,2,6,878,1877,20,5,193579
11852,1942,984,906,0,2,4,6,363,906,120,9,99754
13078,1946,1376,837,1053,2,4,7,586,1890,70,5,173937
9135,2006,759,1085,0,1,5,9,812,1085,70,3,154099
10248,1915,661,1174,0,1,5,8,468,1174,50,6,92705
14786,1994,695,846,0,1,1,5,552,846,20,6,128637
5226,1904,1145,1300,0,1,4,7,633,1300,70,6,120549
10569,1910,1087,1542,956,1,2,5,330,2498,50,8,179439
11299,1920,806,1841,0,1,3,6,240,1841,60,4,162736
7326,1956,1223,1799,772,1,4,8,488,2571,120,4,207859
14127,1998,690,847,0,3,1,3,839,847,70,6,153649
19126,1924,1153,742,0,3,1,3,501,742,50,6,90542
5392,1938,942,1444,614,1,3,7,606,2058,70,4,184783
7597,1945,1345,741,1339,2,3,7,741,2080,70,6,189122
11999,1939,1446,869,1226,2,1,5,821,2095,70,4,205078
15523,1972,874,1579,1217,3,1,5,835,2796,20,6,259344
12155,1946,764,997,0,1,5,7,485,997,20,6,121932
16240,1998,1121,933,1207,3,4,7,836,2140,20,9,216174
12183,1954,993,1076,931,2,4,8,775,2007,60,7,211302
6348,1920,944,1927,1462,1,5,7,400,3389,20,6,270864
9577,1980,673,1327,507,1,4,7,787,1834,20,5,206379
11748,1951,678,1005,1318,2,4,6,868,2323,50,9,224272
19875,1991,693,1371,0,1,3,6,691,1371,60,5,158110
14984,2004,1279,1710,0,2,1,4,772,1710,60,5,199735
12616,2005,931,1040,0,1,3,6,490,1040,120,6,149819
11796,1948,1054,1300,0,2,1,4,335,1300,50,6,144415
5340,1938,1048,1303,862,2,1,3,543,2165,20,3,207523
7866,1920,626,782,896,3,3,7,532,1678,120,3,140270
17871,1975,602,1055,608,1,1,3,801,1663,50,4,182272
18146,1907,1461,773,0,1,1,5,857,773,50,8,83504
5593,1935,540,1084,0,1,1,4,854,1084,60,9,149216
5201,2004,1212,1049,1472,2,2,6,317,2521,20,9,231074
15693,1983,757,1266,1104,2,3,6,495,2370,20,3,232519
7466,1911,1073,834,0,1,2,4,412,834,20,9,103212
6431,1922,874,1917,937,3,2,6,628,2854,20,7,230193
8259,1929,562,1987,950,3,4,8,240,2937,70,4,210331
18691,1999,1332,1278,1167,1,4,6,767,2445,20,9,235006
8273,1928,1316,1513,926,3,3,6,594,2439,20,8,200397
18703,1968,1124,1529,939,2,1,5,587,2468,120,4,249058
14591,1929,929,1967,574,1,4,7,354,2541,70,5,213003
15033,1950,624,861,1410,1,2,4,321,2271,120,4,183335
16350,2000,930,1245,700,1,5,7,258,1945,50,3,205625
17355,1921,1353,1692,0,1,5,8,564,1692,120,5,145622
18865,1950,1441,1977,0,3,2,4,540,1977,50,7,173881
5358,1910,1365,1435,0,3,5,9,310,1435,70,6,139370
8170,1916,783,703,0,2,3,5,719,703,120,3,106988
15101,1935,745,663,1365,3,5,9,339,2028,120,8,178996
12684,1991,1382,1576,1436,2,2,5,728,3012,70,4,302275
18151,1951,906,1181,1261,2,3,5,415,2442,70,5,205081
19002,1980,662,1573,0,3,4,8,564,1573,20,6,190162
7384,1980,1442,1480,0,3,3,7,212,1480,120,9,150766
6137,1979,625,1079,1225,3,3,6,519,2304,120,6,237935
8735,1940,763,1295,1233,3,3,7,569,2528,60,3,213000
15886,1929,640,1178,524,1,1,5,748,1702,120,6,155435
16390,1972,759,856,693,3,1,4,583,1549,70,5,170702
5187,1913,565,1913,0,3,3,6,727,1913,20,9,167909
12547,2005,610,1981,0,2,2,4,383,1981,50,4,182771
14165,1986,1306,1231,0,3,5,9,764,1231,20,3,154362
5436,1929,836,1380,552,3,1,3,230,1932,60,4,162375
6589,1971,907,1259,513,2,4,7,252,1772,50,7,150630
10585,1907,1138,1635,0,2,2,5,553,1635,70,3,138927
12758,1948,1225,1590,0,1,2,5,295,1590,20,9,139337
7437,1940,1076,924,1331,1,4,8,832,2255,70,5,201243
10571,1943,1123,1211,1318,1,3,5,397,2529,50,5,226521
11361,1986,1224,1528,1228,3,2,6,222,2756,120,5,233792
14120,2000,792,1122,930,1,1,3,851,2052,60,3,223698
7587,1947,735,1623,0,3,2,5,426,1623,20,6,172052
18324,2004,665,809,599,3,2,4,528,1408,70,8,181333
16363,1996,502,1220,1248,2,1,5,473,2468,50,8,234414
19823,1927,1024,1421,0,1,4,8,426,1421,20,3,115783
6673,1953,1176,1164,0,1,2,5,724,1164,60,8,126896
9493,1999,1040,1761,0,3,1,4,735,1761,70,3,181021
15469,1959,1192,718,1186,1,4,7,701,1904,60,5,202046
16654,1905,511,1264,1453,3,4,6,837,2717,70,7,235003
8718,1976,955,1851,956,3,1,5,703,2807,120,8,266810
13680,1928,1015,756,0,1,4,8,417,756,60,3,98368
15039,1904,1028,1207,830,3,4,7,432,2037,70,4,153449
15601,1970,1192,625,1006,1,3,7,660,1631,50,9,162176
6994,1927,658,1090,1186,2,4,6,758,2276,20,8,224101
14968,1925,1445,604,0,1,3,6,872,604,70,4,95047
10241,1960,1408,876,889,2,2,5,501,1765,70,8,191005
15759,1992,549,1092,0,1,1,5,532,1092,70,9,133819
14797,2007,638,871,751,3,2,5,531,1622,120,3,202844
19646,1986,624,1469,653,2,4,8,770,2122,60,3,230730
13436,1942,1495,1447,746,1,2,5,551,2193,20,5,199402
17474,1980,1112,1353,585,1,5,8,747,1938,50,6,221787
13148,1942,654,769,0,2,3,6,812,769,20,7,111561
6196,1912,628,609,937,3,3,6,698,1546,20,7,148128
14171,1966,1357,1003,1174,3,1,5,802,2177,20,4,203846
5692,1983,653,1714,0,1,2,4,257,1714,120,6,178628
17602,1909,853,1664,0,2,1,3,477,1664,120,3,143094
17996,1967,781,1879,0,3,5,9,787,1879,70,5,178812
19534,1959,1290,1926,653,1,5,8,331,2579,60,6,236628
17167,1992,974,1152,0,3,4,7,704,1152,50,4,149294
7468,1998,1035,1306,0,3,5,8,735,1306,60,6,164043
15672,1956,680,1070,0,3,5,7,453,1070,20,3,132202
19901,1959,1014,1949,0,2,5,7,411,1949,70,8,182898
17251,1967,1464,1443,0,3,4,8,368,1443,120,9,161727
11680,2000,1027,1735,705,1,3,7,750,2440,120,8,231008
13463,1971,979,1537,942,2,1,3,850,2479,60,8,251558
17099,1916,1228,1035,1134,1,5,8,390,2169,70,6,191602
18182,2004,906,1711,0,3,3,6,200,1711,60,9,184646
8664,1956,839,1362,0,1,5,8,461,1362,50,7,122328
12742,1980,1282,1160,674,1,1,3,673,1834,50,6,180063
13234,1982,1424,1087,1300,2,2,4,514,2387,70,8,222966
10287,1948,739,938,0,1,3,6,724,938,70,5,136591
9986,1979,1496,1712,0,3,2,5,512,1712,70,4,181375
16442,1982,830,1833,0,1,1,4,764,1833,120,5,195833
7949,1916,532,1720,0,2,5,8,258,1720,60,3,136102
11340,1985,1090,1158,0,1,5,8,590,1158,70,8,162183
12196,1919,701,937,860,1,2,5,868,1797,20,4,173691
18636,1957,703,1941,581,2,4,6,888,2522,70,5,246365
19114,1988,794,807,1291,2,2,6,638,2098,70,7,195478
11163,2001,1333,1152,0,3,4,8,566,1152,120,4,145534
6742,1905,558,1906,980,2,1,5,299,2886,50,4,228054
14280,1967,1161,1194,0,2,5,9,514,1194,70,7,150119
16107,1921,567,1209,0,1,4,6,500,1209,20,3,98112
12817,1900,1294,1696,1117,2,1,4,569,2813,60,5,213034
12294,1984,1359,966,0,1,3,5,447,966,20,5,138762
15409,1940,610,811,0,3,1,3,350,811,50,9,108157
15976,1962,660,1989,0,2,3,5,513,1989,70,4,204077
6526,1947,1469,1961,774,3,5,8,586,2735,20,9,229653
17013,1990,1356,1290,1220,1,5,8,818,2510,20,6,251896
15788,1953,1069,1248,0,3,5,8,644,1248,70,5,126067
7041,2001,1029,1279,0,3,5,9,291,1279,60,9,135231
16961,1910,1335,1808,0,2,5,9,287,1808,50,9,132206
8074,1954,840,1573,0,1,1,4,237,1573,120,7,158360
7068,1973,628,841,1120,3,4,8,268,1961,50,6,171577
15551,1926,1313,1345,776,1,2,4,510,2121,120,6,203259
17601,1948,505,1406,0,1,5,7,336,1406,70,7,133398
5661,1938,1324,1024,925,3,1,5,613,1949,20,7,190166
16862,1936,1115,1252,871,3,5,7,446,2123,120,4,180265
18917,1917,1473,1261,913,1,3,6,698,2174,60,4,198570
17961,1935,911,1857,705,3,3,6,581,2562,70,7,210718
8360,1946,998,1557,694,2,2,4,553,2251,120,8,185540
9188,1933,1139,838,0,1,5,7,494,838,60,3,92370
18625,1906,750,1416,692,1,1,5,736,2108,120,5,203228
15655,2006,1323,1393,0,1,4,6,831,1393,20,7,194732
19671,1985,838,1024,0,3,1,5,612,1024,70,4,145380
9994,1914,883,738,0,2,1,4,634,738,60,8,71723
10991,1956,1333,891,615,1,1,3,281,1506,120,7,146435
5531,1978,705,820,1232,3,3,7,893,2052,70,9,226687
10626,1903,755,1442,1118,3,3,6,261,2560,20,3,188133
12291,1930,813,916,0,1,4,6,449,916,120,7,114192
16577,1995,764,1978,1203,1,3,7,291,3181,50,8,290960
15640,1957,1256,1326,1288,2,4,7,684,2614,60,6,256264
11410,1912,1105,653,0,3,1,3,585,653,50,4,95806
15832,1979,817,1113,0,3,2,6,857,1113,20,8,160813
7725,1966,1121,1845,0,2,5,7,577,1845,120,5,191926
18897,1921,703,1598,706,3,4,7,539,2304,20,6,205693
8748,1900,1016,1174,0,1,5,9,790,1174,50,8,135137
16141,1947,576,1840,1198,3,5,9,303,3038,60,4,242233
6205,1974,979,1492,0,3,4,8,290,1492,120,4,165768
18986,1990,1198,950,0,1,5,7,658,950,120,5,140925
19334,1974,1427,1107,1302,2,2,4,555,2409,70,4,227168
16388,1984,1182,737,0,1,5,9,218,737,60,4,109430
12832,1942,1208,1899,1354,3,2,6,739,3253,70,7,283624
18873,1911,1406,1736,0,2,1,4,487,1736,120,4,149880
11837,1954,1356,1487,776,1,1,5,710,2263,20,8,214399
15066,1921,929,1432,759,1,4,7,292,2191,60,6,160899
13566,1932,1142,1682,1279,2,4,7,365,2961,50,4,223533
8020,1912,1159,1404,1333,2,2,6,349,2737,120,4,198861
9735,1980,1454,939,643,2,3,7,244,1582,70,7,157555
17466,1972,1384,811,0,1,1,5,806,811,50,6,111620
18232,1911,863,1687,1424,3,3,6,270,3111,60,4,241008
9145,1919,1307,1981,1427,3,5,9,837,3408,50,9,292695
14095,1963,1136,1716,0,2,4,6,619,1716,120,6,167619
16486,1903,510,1961,0,3,2,6,574,1961,50,8,157505
15692,1961,644,791,923,2,3,6,542,1714,20,9,177046
9920,2005,1187,705,0,2,1,4,288,705,60,5,93830
7153,1914,892,1894,0,3,5,7,231,1894,50,4,158108
10201,1984,547,1444,946,2,3,7,426,2390,60,9,235154
19559,1988,1478,1429,1376,1,1,3,589,2805,120,3,255523
5269,1989,686,909,0,3,1,3,871,909,50,7,132729
12579,1966,571,1860,0,2,5,8,446,1860,20,8,184705
16874,1931,754,1505,0,3,4,6,548,1505,120,8,144950
15526,1940,1138,1365,1095,3,4,6,756,2460,60,4,214112
7547,1919,1419,1316,0,1,1,5,472,1316,60,4,109170
12446,2008,996,927,0,2,3,5,428,927,50,3,127598
5886,1915,593,1625,1010,1,5,8,437,2635,60,7,222166
19941,1984,679,1260,0,1,3,7,400,1260,60,6,161190
19806,1952,866,983,0,1,1,3,893,983,20,6,149814
18409,1974,1166,1888,0,1,5,8,271,1888,50,3,186136
8113,2003,1005,1482,1182,3,1,3,615,2664,120,7,242354
16670,1939,998,989,0,2,5,7,391,989,20,3,105086
11999,1910,772,1416,0,2,3,7,867,1416,70,8,127521
14765,1965,1175,1742,743,2,2,4,498,2485,60,7,205157
8359,1957,854,1576,746,2,3,6,451,2322,70,6,192882
17497,1941,1422,1415,946,2,4,7,691,2361,20,9,212787
8358,1975,749,1071,0,1,1,5,778,1071,60,3,133367
16273,1919,612,1834,504,3,2,6,663,2338,70,6,196802
18998,1952,682,761,933,3,4,8,887,1694,20,8,189907
8970,1929,945,748,0,1,4,7,668,748,120,3,116012
13185,1914,1124,849,0,3,1,3,269,849,70,6,60467
13721,1990,844,1260,1225,3,3,6,337,2485,50,3,210583
9668,1974,555,791,0,1,5,9,748,791,70,7,122686
5584,1968,1216,1351,859,3,3,7,801,2210,70,9,231581
12036,1960,994,1331,956,3,2,4,895,2287,60,9,248294
12000,1951,989,1496,0,1,1,3,390,1496,60,7,130074
9117,1980,1152,1277,707,2,1,3,801,1984,20,8,204066
9524,1977,1294,1373,1025,3,5,9,708,2398,120,3,216522
14275,1934,1314,605,1069,1,1,4,225,1674,120,4,133825
13901,1905,512,1170,645,1,1,4,661,1815,50,9,149666
9670,1918,931,1350,836,3,3,7,321,2186,50,7,179178
16590,1916,1250,962,854,1,2,5,662,1816,50,5,151447
18501,1915,1291,1028,0,1,2,6,335,1028,70,9,89246
14772,2002,1475,1561,1003,3,2,4,512,2564,70,8,235553
13849,2001,881,1481,1232,3,4,7,370,2713,120,9,239399
15167,1905,1389,1093,0,1,2,5,623,1093,20,7,99077
14221,1983,595,1223,946,3,2,6,600,2169,50,9,228606
15655,1982,892,1325,790,2,1,4,714,2115,50,6,221724
5224,1913,674,712,0,1,2,6,324,712,120,9,86939
17317,1986,993,880,0,1,1,4,689,880,60,8,117232
6048,1940,1022,1957,0,2,2,6,658,1957,120,7,187054
19838,1906,830,1493,1343,1,2,5,253,2836,20,5,201948
11799,1989,973,861,990,3,2,4,841,1851,70,5,191906
6902,1971,752,1174,0,1,3,5,262,1174,20,6,128775
5089,1968,1112,1319,0,2,5,9,275,1319,60,9,152172
8195,1951,1117,1916,1410,3,4,8,660,3326,120,7,290082
18971,1928,544,880,0,2,2,4,229,880,70,9,82543
19179,1992,1081,1133,0,3,4,6,749,1133,50,9,169734
13339,1956,1086,1632,549,2,5,9,837,2181,120,8,223473
16228,1967,634,1923,0,2,1,4,806,1923,50,5,194160
15068,1956,629,1812,1106,1,2,6,337,2918,60,6,248045
10983,1916,503,743,922,1,3,5,540,1665,60,9,154831
7654,1911,1210,1848,0,1,4,6,817,1848,60,4,187145
14323,1903,694,1130,0,2,3,7,692,1130,50,5,97437
7229,1926,880,1561,1397,2,4,7,295,2958,60,6,245275
10856,1939,1033,1444,873,2,5,8,436,2317,20,6,209568
17623,1940,1357,761,0,1,2,4,787,761,20,4,92429
9883,1947,1170,1662,820,3,4,7,585,2482,20,8,209242
19859,1914,1345,1212,624,3,5,8,821,1836,120,4,159151
10247,1933,521,913,0,2,4,6,619,913,120,6,90836
16180,1995,1198,763,793,3,5,9,599,1556,120,6,167770
10874,2003,1299,1309,836,1,5,9,757,2145,50,3,234456
11638,1953,1267,1155,608,3,4,8,815,1763,70,8,203070
5864,1942,1144,1868,1284,3,5,9,490,3152,20,7,258649
12774,1924,1086,1436,0,1,1,5,807,1436,70,7,144859
7575,1989,628,1210,1462,1,2,4,310,2672,20,4,246712
12493,1983,1174,607,0,3,1,5,387,607,120,5,82411
6644,1983,670,875,1271,3,3,6,884,2146,120,7,246719
18397,1956,1309,651,0,1,3,7,399,651,60,5,93545
5298,1922,1473,1700,519,3,3,7,638,2219,70,4,191912
7657,1937,1437,1026,0,2,4,7,568,1026,50,3,108563
6466,1971,823,651,875,3,3,7,516,1526,20,6,148853
19189,2001,1219,1251,0,1,5,8,799,1251,20,7,156712
15355,1953,937,859,0,1,2,6,547,859,20,9,115732
8569,1922,1281,1346,1037,1,5,9,363,2383,70,8,194587
16202,1916,716,1319,0,1,5,9,821,1319,70,8,147021
11719,1946,777,1869,921,3,1,4,718,2790,20,4,261328
17617,1940,1012,1249,0,1,2,5,872,1249,50,7,161009
6539,1933,977,1512,1001,2,4,6,270,2513,60,3,213518
17028,1934,1345,1519,1445,3,3,7,743,2964,20,4,238737
15767,1928,1050,1978,0,3,4,6,728,1978,60,9,181908
19877,1903,1192,1901,0,2,4,7,289,1901,120,3,138793
10209,1986,1265,989,1211,2,3,5,806,2200,120,8,210780
12396,1973,660,1461,0,1,5,9,740,1461,70,8,173316
10811,1901,920,771,0,3,3,6,621,771,60,3,98118
19713,1994,949,1179,0,1,2,4,221,1179,50,9,129745
8096,1941,932,1102,1066,3,4,8,830,2168,20,4,226952
11559,1921,1378,1326,552,3,2,6,322,1878,70,5,171123
13226,1928,839,1222,848,3,3,7,321,2070,50,5,181272
18447,1944,826,1639,995,1,4,7,532,2634,60,3,243161
11256,1923,511,600,0,2,1,3,505,600,20,3,82749
14709,1925,524,1991,919,1,3,6,626,2910,60,8,252281
16707,1958,1313,1942,678,3,1,3,267,2620,20,4,201981
16161,1966,647,1503,1291,3,5,7,736,2794,60,9,258061
9041,1965,610,1412,0,3,4,8,313,1412,20,9,124276
17322,1918,1438,1598,0,2,5,7,762,1598,70,4,158078
10979,1991,676,1298,0,3,4,6,325,1298,120,4,129240
5126,1997,1027,1791,1344,2,4,7,861,3135,50,5,302223
16821,1944,1420,1439,0,3,5,8,284,1439,20,3,142871
5626,1922,1354,663,1374,3,5,9,857,2037,20,7,205574
6882,1922,549,1412,0,3,3,6,334,1412,50,5,139801
17936,1990,676,844,1298,1,2,4,788,2142,50,7,217361
16664,1991,830,627,1036,2,2,4,333,1663,20,7,168441
11060,1905,1163,1698,667,3,5,9,424,2365,70,4,175786
19060,1987,625,1658,1495,1,5,7,707,3153,70,4,283492
14953,1915,541,820,1222,1,3,5,840,2042,70,3,189195
6462,2007,990,944,1145,1,2,5,247,2089,60,4,204663
10051,1917,1020,1199,0,1,4,8,367,1199,120,3,95377
16472,1903,760,871,0,1,4,6,446,871,50,9,74343
8676,1901,1116,1124,0,1,2,4,294,1124,70,9,81313
18277,1908,875,1740,0,1,5,8,363,1740,120,6,140082
12675,1973,1307,672,629,2,4,8,814,1301,120,9,141148
9086,1968,1164,1334,933,3,1,3,329,2267,120,4,193450
6129,1991,824,1998,1197,3,2,6,391,3195,70,8,286026
6490,1959,991,1493,0,1,4,8,416,1493,70,9,143515
10586,1948,610,1469,1041,3,1,3,343,2510,70,4,201997
11738,1979,1047,1896,0,1,3,6,745,1896,20,8,198867
7181,1986,830,884,0,3,1,4,351,884,60,9,109304
14499,1997,520,1498,0,1,3,6,887,1498,70,5,200489
10178,1985,811,1950,0,1,5,9,399,1950,50,5,190663
5615,2008,622,882,963,2,4,8,752,1845,70,4,212338
13881,1932,888,1174,1198,3,1,5,631,2372,70,6,228723
13307,1998,1001,1893,752,1,1,5,249,2645,60,9,252718
11414,1969,1472,1161,1275,3,3,6,758,2436,20,4,249771
13543,2003,945,1879,0,1,5,7,745,1879,50,8,215444
12265,1992,513,1705,0,1,5,7,749,1705,70,8,204705
18668,1980,1256,1573,593,1,4,6,644,2166,70,7,203771
7681,1949,631,1751,0,1,2,6,329,1751,120,9,172893
15832,1993,1212,1598,568,3,1,3,687,2166,120,4,227596
12509,1999,1377,1431,0,2,5,8,450,1431,20,4,169220
18182,1964,558,696,631,1,2,6,882,1327,20,6,152935
8510,2004,555,827,817,2,2,5,671,1644,20,7,181933
7741,1917,1157,1572,670,3,5,8,278,2242,70,8,160449
14017,1997,993,670,0,2,2,4,267,670,20,6,110651
6820,2006,1195,1516,1020,3,4,7,634,2536,70,8,251203
11103,1919,1481,1439,0,1,1,5,282,1439,20,9,110425
17861,1998,998,885,0,3,4,7,612,885,20,4,130791
18854,1964,897,1781,0,3,2,4,493,1781,20,9,172437
6301,1955,1209,1168,0,3,2,4,676,1168,120,3,134122
11362,1900,1037,1388,991,3,5,8,879,2379,50,3,229071
17152,1942,1313,1134,1192,3,4,8,361,2326,120,6,199379
18327,1977,984,926,501,2,2,4,280,1427,50,8,129959
16112,1931,1413,1963,1250,1,2,5,410,3213,120,3,243208
10529,1922,1120,1060,543,3,2,4,747,1603,70,3,174268
6590,1960,578,1447,1130,2,5,8,746,2577,70,9,256918
18920,1933,542,768,1082,3,2,6,793,1850,20,3,182378
6203,1913,1239,1117,0,3,2,5,869,1117,120,8,113939
16360,1980,1026,673,1181,3,4,6,231,1854,70,6,159170
8565,1963,512,786,629,3,4,7,398,1415,20,9,140299
18273,1962,540,1592,1036,1,3,5,365,2628,120,8,222489
19992,1996,1335,1327,629,1,4,7,848,1956,20,3,221065
17455,1993,1053,1553,1160,2,5,8,473,2713,50,7,264084
6552,1981,875,672,656,3,4,7,603,1328,70,6,146978
5154,1978,653,1587,0,3,2,5,353,1587,50,3,178307
16394,1952,676,1049,1286,1,4,6,787,2335,70,5,227200
13857,1954,1060,1978,1367,1,4,6,328,3345,20,4,281963
5143,1979,833,1041,986,2,4,8,432,2027,70,4,212043
17486,1977,1013,1784,800,3,3,5,658,2584,50,8,230260
9825,1911,1423,1155,1089,2,2,5,860,2244,50,4,211849
11230,1972,775,1702,0,1,4,7,795,1702,70,8,172684
17071,1954,633,1945,577,3,2,4,437,2522,120,6,203079
9275,1911,654,722,872,3,3,6,283,1594,120,5,133014
15886,1947,1192,1042,642,3,2,4,734,1684,120,3,189490
19428,1902,1339,1128,1339,1,1,5,621,2467,60,7,193278
12670,1913,1133,1637,1305,3,2,4,721,2942,20,3,252728
16998,1961,1365,1482,0,3,4,7,596,1482,60,7,166825
16089,1903,1136,796,0,1,2,5,591,796,70,5,93988
11984,1911,711,1625,1150,1,4,7,668,2775,50,7,222542
13943,1913,1404,1580,735,2,4,8,334,2315,20,4,185747
18867,1960,550,685,0,3,2,5,856,685,60,8,103861
19601,1950,538,1743,747,2,5,7,581,2490,20,5,227853
9920,1991,679,1355,1315,2,3,6,309,2670,60,4,243350
7838,1974,954,1337,0,2,5,9,775,1337,20,7,164725
12072,1917,1121,828,0,3,3,6,601,828,120,8,107237
13534,1952,1307,1035,693,2,2,4,724,1728,20,6,185649
11353,1918,1291,1340,0,2,3,6,339,1340,60,7,111254
18841,1907,589,656,909,2,5,9,458,1565,70,4,124715
16137,1975,1138,1570,1093,1,5,8,457,2663,120,9,232775
12318,1915,958,1535,828,3,5,7,716,2363,60,6,190102
10812,1940,642,965,0,2,4,8,454,965,50,7,113450
11154,1903,718,625,1162,1,5,7,436,1787,120,9,163540
5989,1915,799,788,1115,3,5,8,608,1903,50,4,170446
14947,1996,981,1123,0,2,4,8,396,1123,60,7,148144
6388,2005,570,967,574,2,4,6,744,1541,20,7,192413
16849,1950,681,976,0,3,5,7,794,976,70,4,113535
8985,1903,600,1447,780,3,4,7,619,2227,70,3,205561
9002,1942,754,1686,725,1,4,6,624,2411,120,4,224445
8407,1941,1363,1187,0,2,2,4,366,1187,60,3,116589
9951,1990,1468,1793,589,1,4,6,258,2382,50,9,214286
16824,1901,1450,1071,0,2,3,7,809,1071,20,6,135205
16630,1979,1206,1510,0,2,4,7,619,1510,20,8,186251
13779,1948,1354,1934,0,3,4,8,897,1934,120,6,219258
8057,1978,919,636,913,1,2,5,261,1549,50,6,147835
5364,1918,1205,1923,0,1,4,8,745,1923,120,9,178483
18608,1941,891,830,893,2,3,7,604,1723,20,6,164474
8149,2002,1196,684,548,1,1,3,257,1232,50,7,139641
12338,1937,1054,746,1172,1,1,4,420,1918,20,6,188325
16529,2007,591,694,1396,3,2,6,732,2090,50,6,216425
17312,1953,1104,755,0,1,2,6,256,755,70,3,84644
9372,1941,1497,1850,0,3,1,5,436,1850,120,9,186567
15923,1951,1098,708,683,3,3,5,696,1391,20,3,143318
15514,1965,1287,810,617,3,2,5,514,1427,20,3,168736
13449,1946,872,1174,518,1,5,9,665,1692,70,9,155760
11567,1935,695,1028,0,1,5,8,403,1028,120,3,122987
15153,1968,708,1680,709,1,3,7,478,2389,20,9,226242
15139,1914,575,1519,0,3,3,7,564,1519,50,3,139286
19444,1948,1391,1240,0,3,3,6,302,1240,60,8,108294
11673,1991,1007,1278,581,2,2,6,601,1859,70,9,211788
19829,1972,503,1823,1046,2,5,8,357,2869,50,3,247347
7241,1975,810,834,0,3,4,6,877,834,50,9,143166
14350,1900,879,1974,0,1,4,7,557,1974,50,9,177199
11606,1973,1002,1589,516,3,1,5,451,2105,60,8,207816
8250,1957,1462,1017,577,2,2,4,615,1594,70,8,169535
16826,1973,637,1108,0,1,5,8,203,1108,20,6,123479
18004,1908,758,1322,0,2,4,8,682,1322,50,3,143295
14694,1953,1166,1679,795,1,4,7,340,2474,20,6,224502
7024,1980,1033,1369,0,2,4,8,673,1369,70,9,149898
17729,1959,992,995,583,3,5,7,892,1578,50,7,163725
11183,1996,1393,1959,1046,3,5,8,722,3005,120,4,301563
12746,1933,1308,1142,0,3,5,8,269,1142,50,3,89375
19799,1949,1392,995,0,1,5,9,525,995,70,8,114573
6875,1985,738,1958,1360,1,1,3,825,3318,120,9,290343
14589,1937,1134,972,1254,3,2,6,881,2226,50,4,219332
15255,1996,1326,1421,1109,2,5,7,663,2530,120,9,242053
7790,1952,1018,1924,688,3,2,4,327,2612,60,9,233322
15789,1958,1404,1052,1237,1,2,6,346,2289,120,8,218230
12206,1950,1369,1371,0,1,4,8,296,1371,60,5,122002
12718,1920,837,1334,0,2,3,7,310,1334,70,3,121902
16554,1998,1095,1270,0,1,1,5,685,1270,70,9,159808
9305,1901,1429,725,1459,2,5,7,457,2184,50,8,170475
5501,1975,717,684,0,2,1,5,588,684,120,7,90332
12397,1989,920,854,0,1,3,5,855,854,70,6,148896
5524,1994,1177,1487,1246,1,2,5,354,2733,60,4,255087
16437,2001,1032,1840,1275,1,5,9,685,3115,70,8,296080
17535,1963,1276,1387,801,3,2,4,804,2188,60,4,229052
17067,1979,911,1707,0,1,1,3,813,1707,120,3,193316
9311,1990,541,1587,1226,1,5,8,846,2813,50,3,256291
7881,1945,1193,1136,1422,1,2,5,864,2558,120,5,250985
16589,1957,602,1164,1005,2,2,5,603,2169,50,3,197004
11906,1980,1322,716,0,2,1,5,245,716,70,8,79981
13089,1944,1039,1444,0,3,2,6,735,1444,50,5,170198
18199,1953,798,1894,1278,1,2,6,779,3172,120,5,281015
10073,1974,1215,1726,677,3,3,7,458,2403,20,4,223082
12169,1947,687,1600,1427,2,5,7,200,3027,70,8,239157
6752,1954,856,1194,1139,3,3,5,571,2333,120,6,232023
15531,1967,520,1291,933,1,2,5,265,2224,50,6,177312
6308,1938,572,1421,0,1,4,8,442,1421,20,7,139029
5237,1947,1254,1509,598,2,2,6,713,2107,20,5,206147
9235,1903,836,1140,0,3,4,8,588,1140,60,4,93545
19160,1942,1073,1692,1148,1,1,4,208,2840,20,7,208509
11533,1924,1444,1231,834,1,4,7,640,2065,50,9,166869
14485,1974,1031,1225,819,2,5,8,454,2044,60,3,198905
14078,1976,1080,1715,0,2,4,6,573,1715,120,3,168347
9674,1932,752,1141,0,1,3,6,896,1141,20,4,130143
17802,1961,970,1029,1190,1,4,8,510,2219,20,4,186698
13363,1940,1080,1175,546,2,2,4,821,1721,60,4,158287
13874,1955,525,1785,570,3,3,5,714,2355,20,8,219744
11841,1959,1485,1409,983,2,3,7,553,2392,60,7,200837
5947,2003,880,1155,1198,2,2,6,454,2353,50,8,218089
9920,1997,710,1478,775,1,3,5,527,2253,70,4,225414
15111,1961,1478,1281,1199,1,1,5,428,2480,20,9,208119
16910,1922,781,1123,0,2,4,6,888,1123,120,8,147600
16675,1912,1297,1272,1364,3,2,5,316,2636,60,7,224582
8737,1932,715,1352,868,2,2,5,305,2220,60,5,168994
18275,1971,1473,1441,0,2,5,8,269,1441,60,9,132587
8981,1998,1224,1901,1443,3,2,4,852,3344,20,4,297404
5250,1954,685,678,0,1,5,8,250,678,60,5,80122
15871,2005,1114,1437,0,1,3,7,409,1437,20,6,181387
18122,1904,1074,1250,0,1,1,5,803,1250,120,4,147661
16560,1976,1325,1753,0,3,4,8,702,1753,120,5,185607
14019,1914,1171,950,0,3,2,4,391,950,70,4,101155
6906,1937,1332,1855,0,3,2,5,503,1855,120,5,164993
6416,1917,878,1405,1260,1,5,9,561,2665,50,6,202440
7553,1939,766,1498,1215,2,5,7,284,2713,120,5,229390
15967,1965,1455,1272,0,2,5,9,419,1272,70,9,145815
13808,2003,1191,1138,1370,1,5,8,588,2508,120,7,255875
9133,1960,822,1259,885,1,2,5,880,2144,20,3,231666
5012,1904,1105,1514,1420,1,3,7,531,2934,120,4,221487
14420,2002,971,1296,886,1,4,8,268,2182,20,4,187151
18809,1915,1441,1483,0,1,2,6,800,1483,50,3,167673
15929,1986,713,1299,0,2,4,6,524,1299,20,4,155361
10424,1981,726,745,589,1,4,8,727,1334,60,4,164174
18390,1922,1476,1032,0,1,1,5,256,1032,60,8,78540
19493,1919,1029,1982,0,2,1,5,687,1982,20,3,162641
15165,1960,1420,616,825,3,5,8,795,1441,50,4,165443
5858,1984,1238,1841,0,2,1,5,471,1841,60,8,195215
17016,1934,903,620,727,1,1,4,482,1347,20,4,146430
9532,1991,697,1428,0,2,1,5,300,1428,120,4,158926
13428,1978,1490,1649,1005,2,2,6,514,2654,120,4,253672
19567,1913,787,1367,0,1,3,5,386,1367,50,4,127874
13328,1925,1425,1107,0,2,2,5,666,1107,120,6,116928
17720,1930,1438,1598,1098,3,4,8,614,2696,120,7,246698
6649,1928,1290,1987,0,3,4,7,365,1987,70,4,169862
14719,1927,1409,722,638,1,2,6,761,1360,60,5,133146
17682,1998,1292,1475,1192,3,4,8,494,2667,120,4,242024
10330,1914,1487,1159,1199,2,5,7,459,2358,20,3,195532
17948,2000,1017,1567,1011,1,3,7,425,2578,70,6,250993
10356,1911,657,1369,1424,1,4,7,627,2793,20,8,243329
16525,1987,1257,1906,0,1,2,6,413,1906,20,4,169425
10432,1975,1245,1986,0,3,5,8,669,1986,70,6,193088
12373,1981,1399,1065,1147,2,5,7,655,2212,70,6,233750
14569,1948,1237,885,562,3,2,4,492,1447,50,9,157023
7523,2002,1241,652,0,2,2,4,206,652,50,7,106246
16998,2007,1274,966,0,3,4,8,670,966,120,9,126333
10993,1933,733,1002,803,3,2,4,372,1805,20,6,153912
7166,1938,1266,934,0,2,4,8,346,934,50,7,79538
10024,1977,965,1351,0,2,3,5,304,1351,70,4,149039
16882,1905,1212,1362,0,1,3,6,457,1362,60,7,116798
5737,1973,505,835,1368,2,4,6,822,2203,50,9,216688
19490,1995,797,856,788,2,5,7,768,1644,60,3,210767
6777,1986,1493,1822,809,2,1,5,351,2631,70,9,245026
9656,1934,1307,1925,0,2,5,9,547,1925,60,9,187167
8232,1916,904,907,1232,1,1,3,404,2139,60,7,178030
8845,1909,732,714,564,1,2,4,568,1278,70,5,137311
14112,1909,717,1288,0,3,4,8,252,1288,20,8,101595
5779,1929,1146,1615,0,3,3,7,279,1615,120,5,134399
8641,1996,1373,1716,602,3,3,7,430,2318,60,3,214801
18644,2008,640,1038,0,1,4,6,329,1038,120,4,141265
8994,1959,1467,822,1044,2,4,6,222,1866,70,3,163060
15860,1984,798,1654,1389,3,5,7,867,3043,20,5,290414
13613,1970,891,661,1048,3,2,5,581,1709,20,6,192098
19317,1932,861,936,1379,2,3,7,707,2315,120,3,215029
16377,1992,1111,619,707,3,5,7,816,1326,60,9,170319
9598,1975,901,1512,0,3,2,4,302,1512,60,6,159014
5225,1934,891,829,748,2,5,8,855,1577,20,8,169682
5393,2006,1290,1295,0,1,4,7,332,1295,20,4,166188
5975,1992,538,1669,1019,3,4,8,533,2688,120,4,239963
6909,1974,1466,1727,0,3,4,7,441,1727,60,3,171985
11166,1961,917,1423,0,1,5,9,411,1423,20,6,145167
17445,2007,1329,1426,0,2,5,9,642,1426,70,3,193859
15198,1962,1243,866,878,1,2,4,856,1744,50,7,207095
9418,1918,1011,1193,0,3,2,6,494,1193,20,3,106045
16401,2008,1127,1438,0,1,1,3,492,1438,20,9,183914
18520,2005,511,1204,0,1,2,6,528,1204,70,9,168971
8291,1999,579,1040,0,3,2,4,543,1040,20,6,124959
17106,1970,812,1588,0,1,2,6,726,1588,70,4,165546
15058,1967,904,628,515,3,5,7,792,1143,50,6,162780
16877,1970,1037,1700,796,2,3,6,772,2496,20,9,225370
8740,1969,1124,1474,0,3,4,7,525,1474,20,7,176739
18464,1970,948,1750,1273,2,2,6,680,3023,120,7,282621
6075,1964,1377,1065,0,3,3,5,638,1065,120,6,135574
9916,1925,505,1256,0,1,2,6,875,1256,50,7,135466
5665,1988,1249,1067,0,1,5,8,343,1067,50,7,141563
10463,1907,1057,986,852,2,4,7,861,1838,20,5,183911
11554,1976,1105,976,0,3,3,7,568,976,70,9,146493
18467,1911,702,1076,1307,1,5,7,647,2383,20,3,204777
6353,1973,1248,962,855,3,3,6,448,1817,120,8,179590
13625,1905,1369,1645,1164,1,2,6,375,2809,120,8,210406
8264,2005,954,1939,1453,2,3,6,750,3392,70,6,298527
10920,1930,885,1764,813,1,5,7,899,2577,70,5,228926
16070,1955,1410,1826,0,2,1,4,270,1826,60,4,152907
13791,2004,1309,1113,0,2,3,6,805,1113,120,5,152337
7514,1900,1289,1836,970,1,4,8,595,2806,50,4,240247
17055,1996,937,1893,1214,3,5,7,863,3107,60,4,309071
14965,1937,664,920,0,3,3,7,740,920,20,4,110077
19377,1938,1053,1908,637,3,2,5,630,2545,60,4,204905
8201,2005,1033,1448,1242,3,4,8,592,2690,60,8,243532
11728,1900,649,939,855,1,4,6,304,1794,60,6,138037
8238,1942,1048,1245,0,2,5,7,570,1245,70,8,115646
9287,1980,1297,1329,827,1,5,7,777,2156,50,6,202875
15744,2006,1472,801,0,1,4,6,800,801,60,7,125319
7592,1947,1096,1824,1498,1,2,4,241,3322,20,6,277804
19306,1914,1067,1040,1005,2,1,5,270,2045,50,3,170799
8262,1933,1081,1632,0,1,1,5,899,1632,120,9,167719
8133,1940,1207,1972,663,1,2,4,227,2635,50,5,229089
10660,2000,564,1238,605,3,2,4,476,1843,50,6,204870
16401,1919,765,1966,879,2,1,4,516,2845,50,3,226374
17879,1904,868,1382,0,3,5,9,856,1382,60,7,129217
17059,1910,1021,1591,0,3,1,5,656,1591,120,7,134628
7756,1949,792,1309,0,1,3,5,329,1309,20,6,146947
5889,1953,1085,1392,1481,3,4,7,242,2873,60,4,231143
14759,1965,552,1729,0,1,5,8,726,1729,50,4,182899
19318,1918,1341,1789,1128,3,4,6,377,2917,60,4,220381
14069,1972,1122,1738,1258,1,5,8,801,2996,20,5,296636
19142,1969,1067,1076,913,1,3,7,865,1989,20,5,212766
12593,1925,1084,1280,0,3,5,7,343,1280,50,7,120720
14164,1940,1461,1398,1193,2,3,5,311,2591,60,6,215868
14920,2004,1049,929,0,3,2,6,469,929,50,7,125328
12842,1979,738,1049,1180,3,5,8,219,2229,60,3,189874
8175,1957,518,785,0,2,1,5,452,785,50,9,80352
6259,1966,1491,1453,0,1,3,5,876,1453,70,6,161178
16373,1946,593,1314,503,3,4,7,246,1817,50,5,146517
11651,1983,1315,1435,880,1,4,6,276,2315,60,8,228512
7873,1991,1039,1898,0,1,5,7,641,1898,120,4,217927
12737,1985,657,741,583,3,1,3,351,1324,120,8,137280
17911,1946,767,1255,723,3,4,8,836,1978,50,8,218654
7110,1948,1026,1557,806,2,1,4,531,2363,60,9,193811
14933,1922,563,1205,0,2,4,7,757,1205,20,8,128323
11300,1974,1161,1334,0,2,1,5,265,1334,50,3,148813
19893,1924,771,672,842,1,5,7,719,1514,120,6,143110
15944,1914,860,1261,809,2,4,7,694,2070,60,5,202112
11766,2002,1082,1944,0,3,3,5,332,1944,70,3,202527
9366,1992,828,710,0,2,4,6,842,710,60,3,119761
12190,1901,708,878,0,1,5,9,251,878,50,3,65724
5652,1908,919,1220,0,2,4,6,863,1220,70,3,119439
9243,1999,1105,1600,0,3,4,7,601,1600,50,7,175536
19872,1983,588,867,510,1,2,5,710,1377,70,6,158753
14472,1948,646,1832,0,1,5,7,682,1832,20,8,181601
11287,1949,844,888,0,2,1,4,897,888,60,9,107805
9365,1979,573,1844,0,3,3,6,482,1844,70,9,178055
19915,1922,883,1509,0,2,5,7,523,1509,20,3,131165
14407,1980,1248,1318,0,2,4,8,863,1318,70,5,156640
12464,1909,1149,1010,0,1,1,5,627,1010,120,8,105070
12598,1981,1341,1917,0,2,4,6,574,1917,50,9,196824
8129,1906,1130,704,0,1,4,7,748,704,70,4,73474
10844,1978,591,700,1335,3,1,5,580,2035,120,7,185889
9053,1943,1374,1041,0,1,1,3,773,1041,60,9,111521
18895,1989,864,1437,1418,2,2,6,512,2855,20,9,247008
12436,1908,1388,1297,1492,1,4,7,679,2789,70,9,229537
5352,2008,691,1399,724,3,5,8,681,2123,70,5,210337
11533,1914,1136,843,0,2,2,5,803,843,70,3,86775
16959,1952,550,1459,0,1,5,9,275,1459,70,7,118434
18591,1982,1079,1137,737,2,4,7,472,1874,50,7,206040
9803,1992,932,929,0,3,2,4,288,929,60,5,98816
12313,1988,1318,856,0,3,3,7,876,856,60,5,134241
10769,2002,710,1957,838,2,5,9,398,2795,50,4,248085
19328,1997,824,1646,0,2,1,5,402,1646,20,3,180987
5986,1970,841,1670,1121,1,3,5,801,2791,50,7,259525
18936,1903,623,1669,0,3,1,3,814,1669,60,3,158372
18979,1930,1035,659,0,2,2,4,201,659,50,4,76619
18285,1926,656,1333,1458,3,2,4,715,2791,20,3,236602
15093,1949,1032,994,0,2,1,5,439,994,120,3,115844
17357,1974,930,984,704,2,5,9,839,1688,60,7,207015
7335,1935,896,825,0,2,2,5,259,825,20,3,97244
15264,1937,1068,1009,0,1,5,9,357,1009,20,3,87431
11411,1964,1171,668,1401,1,1,3,456,2069,60,4,191296
7460,1959,1072,1033,1451,1,4,7,619,2484,20,3,230377
9529,1919,669,1242,1061,1,2,4,245,2303,20,5,177690
17517,1919,587,1391,873,2,2,4,287,2264,20,8,198521
18693,1916,573,1200,0,3,3,7,413,1200,120,4,127432
15251,1990,1328,1413,659,1,3,5,380,2072,120,4,209358
16226,1903,882,1419,1170,3,4,7,830,2589,20,7,205439
17404,1921,835,1479,1048,2,1,5,843,2527,120,4,227784
9242,1999,1167,721,0,2,2,6,703,721,20,6,136807
14636,1942,960,1945,0,2,5,7,848,1945,70,7,188101
19714,1915,1498,1625,571,3,2,4,536,2196,70,8,184202
5904,1906,1269,1578,0,2,2,4,798,1578,60,4,146614
14677,1932,546,1703,0,2,5,8,693,1703,50,7,182094
10968,1979,1348,722,0,3,1,3,761,722,50,9,100755
15474,1968,1463,1595,1270,2,1,3,289,2865,120,6,249080
13146,1920,1171,651,1447,3,5,7,499,2098,60,9,174070
14908,1950,522,1883,1119,3,2,6,383,3002,60,3,248012
5500,1963,784,785,0,1,3,7,666,785,20,3,106861
14180,1960,1417,1489,740,2,2,6,616,2229,70,9,216258
11806,2004,621,1051,670,3,5,8,240,1721,70,8,158765
19312,1910,646,1140,1327,3,1,3,701,2467,20,8,231542
19379,1913,1369,743,1497,1,4,8,506,2240,20,3,178336
19021,1968,1149,679,0,2,1,3,763,679,60,3,94382
6410,1976,1080,1163,0,3,5,7,447,1163,70,7,149678
19828,1985,1487,1262,1413,1,1,3,312,2675,120,9,220869
5929,1903,1065,1564,0,1,2,5,238,1564,60,3,125307
5527,1919,561,1516,0,3,2,6,281,1516,50,4,145466
7888,2005,1027,1242,0,2,1,4,890,1242,60,8,179265
10873,1996,1314,1007,1397,3,5,9,800,2404,70,3,243479
18823,1963,1492,684,967,2,5,7,672,1651,60,5,172527
8561,1919,886,1089,1028,1,4,7,283,2117,70,4,179789
11883,1955,672,863,920,1,1,3,610,1783,50,8,175357
15207,1989,767,1733,1491,3,1,5,580,3224,70,3,307309
7389,1959,691,1642,683,2,1,4,791,2325,50,5,212680
13015,1942,508,1682,995,3,5,8,464,2677,20,5,244526
9088,1943,703,1631,0,1,3,5,712,1631,20,9,157726
12759,1958,1005,1288,0,3,5,9,224,1288,120,9,125719
8409,1982,1283,1289,1044,3,2,4,430,2333,20,9,209719
7484,2006,1087,1991,1049,2,3,5,343,3040,20,7,282904
16532,1988,713,1295,668,3,3,5,576,1963,60,6,202378
10041,1981,566,1652,1111,1,1,4,757,2763,120,8,279522
10873,2002,1109,836,0,3,2,4,752,836,120,7,136987
12368,1948,1344,857,677,1,3,6,370,1534,70,3,132712
11403,1911,970,1996,624,1,3,6,206,2620,120,7,209924
16525,1929,706,688,0,1,2,5,492,688,120,7,84103
15286,2008,656,1221,709,2,2,6,552,1930,120,7,219436
10607,1986,858,1754,0,3,3,5,741,1754,60,5,211520
17773,1959,1492,929,1490,3,3,7,342,2419,20,5,194752
9185,2008,1089,1319,0,1,1,3,684,1319,70,9,166895
8523,2003,508,938,1399,2,3,7,422,2337,120,7,236303
8885,1959,1461,1421,1362,1,3,6,417,2783,120,7,239560
6329,1950,1049,1747,795,2,5,8,751,2542,70,3,253560
11250,1950,1106,1811,1335,3,1,4,535,3146,120,7,260852
9635,1918,678,1695,0,1,2,6,831,1695,60,3,181641
9979,1924,1148,1091,0,2,1,3,787,1091,50,3,131174
14632,1991,837,769,969,1,5,8,269,1738,50,9,159365
6292,1971,1417,1410,1068,3,1,4,487,2478,70,3,232590
9182,1946,1016,1429,0,2,1,3,759,1429,60,5,139954
15706,1973,1209,1724,1174,1,5,8,777,2898,50,3,260165
6709,1906,943,1834,896,1,5,7,580,2730,20,6,222189
17122,1902,643,1931,0,2,1,5,680,1931,120,3,185531
6198,1976,1242,924,0,2,2,6,576,924,20,5,109827
9320,1917,1434,816,0,1,3,6,552,816,120,5,84938
7015,1962,1494,1129,0,3,2,5,444,1129,50,5,108344
8883,1960,1202,1744,0,2,4,7,365,1744,20,5,151214
15559,1985,1054,981,817,3,2,4,874,1798,60,9,200660
17213,1950,732,1767,0,1,4,6,497,1767,50,5,160038
17993,1936,1002,833,0,1,1,5,818,833,60,9,110739
5427,1955,956,1296,0,2,2,5,838,1296,60,5,170755
10008,1902,1401,1574,869,2,4,6,443,2443,60,5,177048
6115,1987,645,1082,0,2,3,7,818,1082,120,8,160870
13051,1934,1319,1796,0,3,5,8,732,1796,70,4,164418
7102,1982,1347,1582,1439,1,3,5,799,3021,20,9,287351
9330,1946,1212,1661,1026,1,1,3,295,2687,120,4,215406
5234,1944,1385,948,0,1,4,8,615,948,50,9,127558
18378,1935,1208,1240,0,1,1,4,555,1240,120,6,141990
19866,1954,1436,726,0,1,2,5,304,726,20,3,68116
19059,1955,1158,1284,993,2,3,5,875,2277,60,9,221515
13834,1937,1210,854,594,3,3,6,389,1448,50,7,125248
14855,1967,1165,732,0,2,5,8,410,732,120,5,107945
10789,1952,796,858,798,3,5,7,700,1656,60,7,185949
7268,1968,560,1594,507,2,5,9,874,2101,120,9,223098
12637,1929,981,1260,0,2,2,4,393,1260,70,5,127293
12416,1986,720,1097,0,2,2,5,850,1097,20,4,170545
12607,1922,1089,1415,1013,3,3,6,704,2428,50,3,214068
7722,1999,1213,1859,1002,2,2,4,433,2861,70,6,242904
8954,1951,989,761,560,1,3,6,442,1321,20,7,140078
12042,2009,762,681,0,2,2,6,211,681,20,3,98965
6806,1925,1087,1107,728,3,3,5,655,1835,70,8,184728
12192,1982,1337,1655,818,1,4,6,634,2473,50,7,253773
19851,1951,1274,774,0,1,1,4,642,774,20,3,94187
6377,1986,586,1698,0,2,2,4,518,1698,20,8,163097
10897,1978,1125,1382,1196,3,3,5,464,2578,50,3,243311
10938,1947,707,696,0,2,2,5,276,696,50,8,70756
17697,1905,1199,930,0,3,4,7,836,930,20,6,109102
5331,1989,727,1968,0,3,2,6,512,1968,60,4,198209
18305,1913,666,1127,541,1,4,8,265,1668,20,6,127385
17696,1953,604,711,0,1,5,9,238,711,50,3,85332
6437,1995,892,1028,0,1,5,9,553,1028,50,4,157007
9541,1904,592,1803,632,3,4,6,464,2435,70,4,196961
6660,2005,953,906,0,2,1,3,577,906,70,5,136719
9967,1903,1431,1234,875,3,4,8,233,2109,70,8,151802
17306,1952,721,1849,0,1,1,3,374,1849,70,8,159518
11976,1958,1140,1179,781,3,4,6,845,1960,20,5,203601
18998,1924,916,848,0,1,5,8,467,848,20,7,86767
10435,1909,1211,1437,0,1,2,5,663,1437,120,7,137211
19415,1987,1024,1079,0,3,1,4,364,1079,60,7,134495
6471,1980,1176,918,0,3,2,6,279,918,120,6,117869
10935,1916,1416,1323,0,3,2,6,467,1323,60,7,102929
13737,1953,733,1374,0,3,1,4,736,1374,70,5,162937
18491,1905,755,1318,0,3,1,3,804,1318,120,5,144153
10565,1968,683,987,0,3,1,4,825,987,60,7,132441
10828,1914,1482,1498,0,1,3,7,891,1498,50,6,159069
6809,1993,627,1489,1428,2,1,5,719,2917,120,8,263642
9747,1958,1415,775,0,3,2,6,659,775,120,3,97894
8705,1953,829,1957,0,1,2,4,887,1957,70,9,185236
19688,2008,1125,1529,0,1,3,7,845,1529,70,5,192572
13953,1975,1264,854,0,2,4,6,236,854,50,6,114341
13060,1998,636,1279,677,1,5,9,817,1956,120,6,214015
11386,1937,1152,1014,842,2,3,6,865,1856,60,4,202907
17162,1986,1319,910,0,2,4,8,546,910,20,8,121855
16629,1908,858,1532,0,3,5,7,239,1532,120,8,118506
7217,2008,556,1300,0,3,1,4,540,1300,60,5,158399
7511,1943,1119,846,0,1,4,8,617,846,120,8,119285
12283,1942,680,855,627,2,3,7,752,1482,120,8,163286
10880,1988,847,1647,0,2,5,7,681,1647,20,6,171409
10696,1950,598,1844,0,2,1,5,665,1844,60,8,175268
16159,1926,971,826,0,3,2,4,244,826,70,9,71348
6950,1993,634,691,1103,1,1,5,437,1794,120,8,194344
15979,1982,1202,970,1262,2,3,5,503,2232,120,7,199479
7428,1944,1048,1585,0,1,4,7,590,1585,120,4,152344
8621,2007,751,1819,1314,3,3,6,507,3133,70,3,294214
12876,1995,1088,1207,953,3,2,6,204,2160,20,7,183238
19346,1953,1139,1548,0,2,5,9,427,1548,70,6,134732
8389,1978,1147,1156,1292,2,5,8,341,2448,20,4,238656
11999,1978,1325,1800,1066,1,1,5,896,2866,70,3,271987
9310,1992,808,1151,0,3,3,5,677,1151,70,9,170979
9406,1905,852,1592,0,1,3,5,477,1592,60,7,153104
5540,1946,671,1069,0,1,4,6,546,1069,120,9,124566
6485,2004,881,977,0,1,1,3,676,977,70,3,136751
11487,1967,1346,1900,0,1,1,5,506,1900,60,8,189862
14116,1905,677,1384,905,1,1,3,762,2289,70,9,195925
7428,1947,960,656,0,3,4,8,524,656,70,6,91518
15788,1984,1032,1245,0,2,1,5,715,1245,120,3,142550
9650,1948,823,1024,1053,3,4,6,597,2077,120,6,209801
15135,1975,1154,1515,1297,3,4,7,251,2812,50,7,229033
8932,1914,1074,962,776,3,2,6,433,1738,50,5,142692
15856,1992,1319,908,0,1,5,7,319,908,70,5,133034
18571,1941,1489,796,0,3,1,3,701,796,50,9,126063
17529,1966,711,748,0,1,2,4,592,748,50,4,117625
19466,1982,810,1952,0,3,1,3,262,1952,60,3,164400
10806,1914,1454,858,758,2,4,8,244,1616,120,5,136712
10493,1908,765,1688,1293,1,2,6,229,2981,50,3,203639
17686,1921,1098,704,0,2,4,6,246,704,120,7,74489
10703,1977,559,1085,526,1,5,7,584,1611,70,6,155381
7593,1959,733,695,0,2,3,6,310,695,120,3,95051
9077,2008,894,1402,1206,3,2,6,854,2608,60,5,269976
14656,1972,648,697,0,3,1,4,851,697,70,6,134814
16883,1957,1155,1667,661,1,5,9,673,2328,60,7,239027
16730,1934,1040,874,0,3,2,6,877,874,60,8,130639
18827,1946,1348,1934,0,3,2,6,355,1934,50,5,173518
15259,1986,527,1892,1406,3,1,4,505,3298,70,6,286994
11945,1938,573,952,0,1,4,7,355,952,20,4,98476
11855,2007,601,1579,0,1,4,6,797,1579,20,3,206055
14164,1936,559,1303,1233,3,5,8,563,2536,60,4,200629
9969,1998,1356,1514,1044,1,4,6,567,2558,50,3,240777
16137,1920,1163,1398,785,3,1,3,863,2183,60,6,196260
9295,1990,1019,1185,0,1,4,7,242,1185,120,7,117816
5802,1991,959,1134,0,3,2,4,314,1134,20,6,125754
17866,1968,1476,1360,0,2,4,6,701,1360,50,5,151219
18731,1966,658,1231,1481,3,5,8,547,2712,20,6,237136
5404,1921,712,1880,0,1,1,3,246,1880,70,8,148001
9799,1911,731,1629,0,2,5,7,885,1629,50,9,143925
15355,1951,1290,1137,0,1,3,7,591,1137,120,4,129986
8810,1952,1122,1463,0,1,2,5,667,1463,60,3,175529
7770,1992,955,1855,0,3,2,5,821,1855,50,8,222648
8879,1940,671,1657,0,1,3,6,277,1657,20,3,146083
17294,1935,1379,1783,0,3,5,8,269,1783,60,5,159712
6239,1969,602,1932,0,3,2,6,564,1932,120,7,172989
12795,1948,1030,1979,0,1,2,5,716,1979,60,4,210647
9756,1931,1439,1660,512,3,1,3,287,2172,120,5,166404
19253,1991,1385,1344,0,3,2,5,245,1344,50,8,153396
19932,1913,832,1439,880,1,2,6,710,2319,50,9,184167
10606,1904,1490,1873,0,3,2,6,806,1873,120,8,187938
9457,2008,759,1400,1346,2,4,6,598,2746,50,8,254118
5543,1955,810,830,1202,1,1,5,220,2032,50,3,163060
10715,1903,1061,970,577,2,5,7,481,1547,60,9,124219
18445,1913,979,1345,0,2,1,3,772,1345,50,3,145744
12919,1943,1438,1200,0,1,1,3,365,1200,20,4,112391
12128,1905,1401,1237,1407,1,4,8,425,2644,60,8,225233
16964,1907,1199,1119,0,2,4,8,427,1119,20,5,117725
13534,1921,1039,1663,0,3,5,9,724,1663,60,6,154290
16069,1979,725,1460,0,2,5,7,779,1460,60,8,181869
12145,1949,749,1454,1026,3,3,5,818,2480,120,3,216260
10878,1984,1321,749,0,1,4,6,520,749,120,6,103582
11635,2004,716,1211,576,3,4,6,400,1787,60,5,195105
7939,1911,1075,1034,1317,1,1,5,890,2351,120,6,216852
18071,1927,557,918,1352,1,1,3,379,2270,120,4,170264
19396,1975,1031,968,0,2,1,3,704,968,20,5,142724
15400,1986,1422,1317,0,3,1,3,468,1317,70,8,134950
13301,1993,1095,1006,902,3,4,8,267,1908,70,4,164840
7243,1956,1257,1685,1264,3,2,5,609,2949,70,3,244931
15033,2005,1160,845,1408,2,1,4,463,2253,60,4,229422
18337,1953,961,1075,533,2,3,6,765,1608,20,7,185647
12741,1922,1091,1669,0,3,5,9,675,1669,60,8,173312
12982,2007,1176,1618,0,2,1,5,612,1618,70,8,202870
7711,1963,1354,889,650,3,1,3,852,1539,120,4,162924
5825,1964,1163,1604,0,1,5,9,732,1604,50,4,192644
8465,1953,1395,1263,968,1,4,6,450,2231,50,4,200469
19235,1969,1076,1974,0,2,2,4,564,1974,120,3,174226
10212,1949,902,1891,1462,1,3,6,499,3353,70,9,262951
8841,1946,704,852,0,1,5,7,365,852,70,4,81777
18145,1958,1418,1359,1220,1,4,6,899,2579,50,4,231139
18994,1996,559,1777,0,1,3,6,559,1777,60,4,173661
9041,1968,1372,969,0,2,3,7,645,969,120,7,132689
11000,2002,672,1537,0,2,4,6,267,1537,50,5,142000
10936,1988,705,1747,0,1,2,5,474,1747,20,6,182735
19714,1980,1039,1730,0,1,5,9,223,1730,70,3,162910
13194,1919,914,1510,635,1,3,5,784,2145,20,8,210669
17936,1933,1011,1941,1024,1,1,3,288,2965,50,6,219180
5521,1951,675,1907,0,2,3,6,635,1907,70,8,186088
7398,1973,1121,742,0,2,3,5,700,742,60,5,103689
13978,1985,1395,1338,824,2,1,3,596,2162,70,5,222051
14839,1974,854,1597,1350,2,5,8,689,2947,50,3,261296
12075,1955,861,1602,1279,3,4,8,608,2881,70,5,238249
12830,1927,1166,1799,0,3,4,8,579,1799,120,6,159743
19677,1912,609,634,911,1,2,6,836,1545,120,7,167019
12514,1988,1049,878,0,1,3,6,411,878,70,5,105106
16749,2003,619,971,0,3,3,7,662,971,20,5,157608
12812,1947,568,924,0,2,2,5,783,924,120,3,104809
8319,1999,1251,872,0,2,5,8,556,872,20,4,112571
10123,1928,673,643,0,3,4,7,596,643,60,3,87336
19404,1956,648,925,803,1,4,6,358,1728,70,5,176659
13287,2000,1079,881,0,2,1,5,818,881,120,8,136489
11656,1910,507,1520,1419,1,3,7,536,2939,70,7,225260
10777,1951,617,1714,1333,1,2,6,418,3047,20,8,255184
8377,1906,1139,806,611,1,3,7,484,1417,20,7,127170
13031,1992,1100,1740,569,2,3,5,642,2309,20,5,247611
7218,1947,1115,1211,556,1,3,7,417,1767,20,4,154021
16195,1972,1305,1298,0,2,1,4,224,1298,120,6,138974
7926,1949,541,1689,1427,2,4,8,367,3116,120,6,271405
19617,1978,614,1666,1486,2,5,9,248,3152,70,3,260278
12878,1964,1253,1585,0,3,3,5,849,1585,120,7,185365
15078,2000,587,1296,713,3,1,4,715,2009,70,4,234014
5702,1927,1354,680,0,1,1,3,508,680,50,3,96877
18331,1956,1105,1601,0,1,5,9,215,1601,120,9,157096
19278,1955,1070,1081,804,1,1,3,515,1885,120,6,187331
18587,1957,1220,988,1498,3,1,3,765,2486,120,8,215833
5815,1953,1055,711,0,2,4,6,502,711,20,4,104243
15616,1951,765,1375,649,3,4,6,259,2024,20,9,192624
15528,1980,1020,1097,904,1,4,7,331,2001,70,7,207535
9604,1968,1455,1860,0,2,5,8,702,1860,70,7,192675
16826,1906,975,1688,0,1,2,6,351,1688,60,3,144525
17725,1934,1367,1966,0,2,4,6,495,1966,50,9,177774
8291,1905,617,1618,932,3,2,6,494,2550,120,7,200101
9107,2009,1462,1832,0,2,2,4,813,1832,120,6,218888
9862,1942,803,681,708,1,3,6,228,1389,60,3,110306
9654,1943,1055,1982,552,2,4,6,403,2534,50,4,195554
16041,1956,1443,1582,679,1,5,9,274,2261,20,5,195436
17877,1972,979,1376,0,3,5,9,363,1376,50,6,124484
16478,1904,564,1998,0,2,4,8,246,1998,70,5,171793
12965,1949,632,1689,0,1,2,5,817,1689,60,7,195857
12379,1978,973,1608,1160,2,3,6,609,2768,50,3,239180
19449,1914,771,1496,0,2,1,5,883,1496,60,4,151796
18597,1980,712,1633,0,2,5,8,370,1633,120,4,181475
14815,1959,1179,626,0,2,5,8,777,626,60,3,115811
15966,2008,575,1989,1160,2,2,6,852,3149,20,6,313660
7940,1923,1063,1913,0,1,5,9,762,1913,60,9,187178
11487,1944,561,1395,0,3,1,4,556,1395,60,3,127937
16643,1938,662,1900,0,3,1,3,615,1900,70,8,195477
14552,1985,1342,978,1499,3,5,8,265,2477,120,9,214530
8330,1968,1418,1578,1430,1,2,5,883,3008,60,7,267917
6392,1934,1021,628,552,1,1,4,887,1180,120,4,125391
16003,1952,1006,894,1333,2,5,7,235,2227,70,3,180431
9592,1985,966,805,0,3,1,4,804,805,70,8,143912
5506,1976,903,1393,0,2,4,7,270,1393,60,9,138130
16768,1903,1473,1509,512,3,2,5,423,2021,70,3,162492
19349,1934,1190,1818,0,2,5,8,202,1818,50,6,149186
7816,2006,585,1471,0,3,5,9,341,1471,50,3,144477
9668,1923,1352,1248,1139,2,5,8,205,2387,70,6,181202
10912,1999,1208,994,1248,1,2,5,821,2242,60,6,227405
6848,2003,1457,1373,0,3,3,7,647,1373,120,8,176558
6615,1917,1049,814,828,3,3,6,783,1642,50,6,162565
5216,1994,831,1868,0,2,5,7,398,1868,120,4,193735
10346,1901,1329,1233,695,2,4,8,657,1928,20,3,151553
7808,1908,898,1548,1386,1,4,8,752,2934,60,5,237710
16958,1907,606,1079,1415,3,3,6,824,2494,60,3,222126
9422,1918,1432,809,602,1,4,8,408,1411,50,3,139963
12276,1919,1467,947,0,1,4,6,226,947,20,3,92830
14555,1908,665,900,1043,1,1,4,795,1943,50,3,159979
13254,1904,716,1082,1345,1,4,7,661,2427,50,3,187813
10110,1998,641,1246,1207,2,3,5,703,2453,60,5,226699
9260,2005,578,814,1164,3,2,5,427,1978,120,4,218630
7030,1915,1460,1002,934,2,2,4,215,1936,60,9,143127
13052,1921,531,1211,0,1,1,4,519,1211,70,9,106985
17211,1945,1194,1100,815,1,5,7,839,1915,70,3,193441
10190,1991,955,1568,1256,3,5,8,329,2824,120,9,247879
9964,2000,1048,1528,1273,2,1,3,853,2801,120,7,293831
18241,2006,780,1129,1433,2,2,4,414,2562,50,4,252936
9289,1987,640,757,0,2,5,9,791,757,60,9,132799
9158,1938,965,1710,0,2,2,6,483,1710,50,7,149219
8976,1992,684,1984,0,1,3,5,321,1984,70,4,209162
10491,1953,1478,1429,0,3,1,4,655,1429,20,4,163645
15773,1977,1179,707,0,3,2,4,312,707,20,7,95531
5226,1990,1426,1127,0,3,1,3,759,1127,50,6,136039
10270,1981,1056,1043,0,3,2,5,672,1043,120,8,128562
6884,1911,1295,1903,1415,3,5,8,233,3318,60,4,262212
18721,1993,944,1802,0,2,4,8,401,1802,120,3,181105
9588,1982,1423,937,1145,2,2,5,739,2082,120,7,207635
12105,2002,885,916,0,2,3,6,258,916,20,7,136930
18665,1919,1193,634,0,2,3,7,547,634,20,5,77425
6439,1934,1156,1286,0,2,1,5,549,1286,60,9,117998
11157,1980,1363,1519,1324,1,5,9,382,2843,50,4,257794
17186,1913,1079,1234,993,1,1,5,755,2227,20,5,186029
17752,1903,537,1925,0,3,3,6,767,1925,120,7,184105
13585,1993,1411,1586,0,3,2,6,710,1586,20,7,181726
9314,1975,1267,1005,0,1,1,5,820,1005,20,4,131696
11752,1968,1185,1909,1305,1,1,3,778,3214,60,9,310319
8770,1942,1132,901,0,3,4,8,203,901,120,6,92726
19134,1904,1429,875,789,2,5,8,509,1664,70,3,144192
16569,1952,1077,671,672,1,4,6,219,1343,70,9,116146
12332,1944,1294,1489,513,2,3,7,873,2002,70,9,219511
15648,1979,1382,1574,594,2,1,4,475,2168,20,9,220165
6992,2007,1060,1906,596,3,2,6,696,2502,50,3,249845
14543,1922,1447,1006,0,2,4,7,694,1006,20,5,126242
5557,1933,821,1540,0,3,3,5,277,1540,20,4,130652
7324,1931,881,1650,963,3,3,7,724,2613,60,8,216859
12195,2004,759,1321,0,1,4,6,683,1321,20,8,177747
19381,1983,635,1039,0,3,2,4,637,1039,120,6,118688
17877,1992,794,1555,619,1,4,6,729,2174,120,8,225961
5071,1987,1260,627,0,2,3,5,400,627,70,6,107336
14867,1981,1333,1159,1259,3,1,5,584,2418,20,4,226676
15437,1976,1086,1717,0,1,2,6,577,1717,60,5,169663
11601,1938,535,963,0,2,4,8,246,963,20,3,92842
19228,1917,1096,967,1253,1,3,5,700,2220,70,5,188066
8506,1949,1083,1722,0,3,2,4,368,1722,70,9,160282
9348,1987,561,1160,0,3,2,5,276,1160,120,8,145356
15400,1983,1488,1140,0,3,2,6,556,1140,120,8,139092
7049,1928,1083,832,1445,1,1,3,492,2277,70,9,197840
17165,1998,1294,1043,582,1,2,4,480,1625,50,4,168114
11955,1994,967,706,0,2,1,5,464,706,60,7,94470
16560,1912,1327,1495,1096,1,5,8,553,2591,20,4,204818
19749,1955,1024,1901,0,3,3,5,555,1901,20,7,198895
9708,1962,1144,704,0,2,4,8,641,704,20,5,103565
11618,1925,739,1227,0,1,1,4,547,1227,60,4,127638
15265,1954,1098,1700,827,1,4,7,509,2527,70,9,214825
18644,1910,900,1622,949,1,3,7,235,2571,50,6,176125
19086,2001,1261,870,1291,3,3,6,653,2161,60,7,236653
19673,1940,1407,1930,0,3,5,8,691,1930,60,3,189926
11704,1947,532,1039,1291,2,4,6,454,2330,120,8,221260
13653,1948,845,1189,0,2,2,6,801,1189,20,3,126014
7525,1920,1119,1427,907,2,2,6,310,2334,20,4,174061
17875,1905,1105,1195,0,2,2,5,496,1195,20,4,128501
12664,1963,1479,1209,577,2,2,4,254,1786,70,8,162543
5507,1924,1425,1436,1293,2,4,8,677,2729,70,9,250480
11221,1932,1135,1661,0,2,4,7,599,1661,120,6,155146
5005,1996,1025,1280,0,3,3,7,298,1280,60,7,147351
14330,1925,1032,995,0,3,2,5,882,995,70,8,131226
14428,1984,648,1299,1258,1,1,3,601,2557,50,6,241657
17456,1950,1454,1360,651,1,4,6,703,2011,20,4,193146
8793,1994,960,622,542,2,1,5,731,1164,120,3,137921
19615,1967,1430,1659,1039,2,4,8,589,2698,70,6,229705
16110,1958,661,1116,0,3,5,7,868,1116,70,9,129619
6935,1938,1131,1233,595,2,2,5,672,1828,20,9,178409
19422,1911,832,708,765,2,2,5,693,1473,120,8,135384
15888,2008,1065,790,641,1,1,5,367,1431,70,9,158095
13864,2003,801,1463,789,2,2,5,374,2252,20,5,206241
10429,1950,980,1969,0,3,3,5,346,1969,70,9,189604
10725,1968,1165,1474,0,2,4,7,212,1474,60,4,143558
8727,1983,649,956,974,3,2,5,884,1930,70,8,223332
18042,1967,1384,966,1227,1,1,4,766,2193,20,4,211074
12596,1962,1209,1696,724,1,5,7,435,2420,50,7,213127
16047,1927,511,626,702,1,2,6,389,1328,70,7,118599
16301,1984,1241,1171,1154,2,4,6,311,2325,50,7,215596
12666,2004,1255,1769,920,2,4,8,695,2689,20,6,284204
11457,1900,992,1370,1416,3,1,4,538,2786,50,5,224253
8290,1986,1363,1074,959,3,3,6,422,2033,60,6,213835
17069,1930,1216,1581,0,1,4,6,278,1581,60,4,142311
13801,1937,547,735,0,2,3,6,435,735,50,9,79424
15310,1943,1437,1119,0,1,4,6,492,1119,50,3,130710
9962,1937,918,979,977,2,4,8,556,1956,60,3,171685
7490,1912,997,1325,1255,2,2,4,689,2580,20,8,200554
17849,1976,518,631,0,1,5,9,774,631,70,3,127674
13283,1936,577,784,1047,2,1,5,395,1831,60,6,143606
11655,1916,1395,1175,0,2,5,7,457,1175,50,6,116180
10786,1953,1012,1910,546,3,1,4,420,2456,20,4,216477
13981,1981,1134,1152,0,1,2,6,366,1152,60,9,130020
7811,1906,1229,1980,1199,3,2,5,580,3179,60,4,273363
15484,1916,1187,1317,0,1,3,5,782,1317,60,8,142863
11086,1922,1499,839,0,1,1,5,754,839,50,5,115884
5299,1983,1252,895,0,1,1,5,541,895,20,8,142436
6681,1944,1025,855,1327,2,2,5,546,2182,120,7,197831
6846,1991,1268,1477,0,2,4,7,586,1477,20,9,162207
12229,1947,930,1692,865,2,3,5,687,2557,70,3,236945
17120,1949,1345,1167,0,2,1,5,281,1167,60,3,124629
8145,1960,692,1633,789,1,4,8,751,2422,20,6,230104
14359,1908,1028,1993,0,3,5,9,763,1993,120,7,180278
12008,1983,668,911,0,3,4,8,567,911,120,3,118375
15281,1985,1392,801,1168,1,1,4,636,1969,70,7,185250
16693,1916,1466,1471,1372,1,1,5,579,2843,20,3,214908
17441,1969,1110,1170,739,2,5,7,403,1909,120,6,177584
15665,1943,1214,645,563,1,3,5,658,1208,20,8,142093
6096,1945,1072,683,957,2,5,9,528,1640,120,5,159296
17096,2005,905,1745,0,3,4,7,824,1745,60,7,208971
12407,1931,835,1761,746,2,4,8,819,2507,70,4,218700
15745,1910,1214,880,0,2,5,8,638,880,70,9,95656
13383,1971,1091,1387,1015,2,3,6,848,2402,60,8,226644
12336,1967,904,658,0,2,5,9,326,658,70,7,75801
17815,1945,1339,997,0,3,5,9,635,997,60,3,104499
14437,1968,802,813,1274,3,2,5,585,2087,60,7,199312
7791,1974,578,1884,0,3,5,7,235,1884,70,8,177310
18272,1975,901,616,0,3,1,4,698,616,120,8,90125
10327,1917,1120,1758,0,2,5,7,282,1758,50,5,139205
17780,1903,971,1098,0,3,4,7,347,1098,70,6,88228
10856,1967,1169,665,1005,1,5,8,809,1670,70,8,175245
7795,1947,812,1656,0,2,2,6,270,1656,70,9,135173
11323,1986,616,859,504,1,4,8,559,1363,120,7,158058
16594,1954,837,1811,0,3,2,6,435,1811,60,9,184675
14357,1949,1046,1269,530,1,4,6,569,1799,60,3,176737
9466,1998,757,1723,554,3,3,5,718,2277,120,8,225481
10667,2005,869,1015,0,1,1,5,798,1015,70,3,171344
6145,1934,591,1510,1042,2,4,6,411,2552,20,5,200817
14146,1900,1344,1569,0,2,4,7,729,1569,70,7,150107
9734,1965,1194,1077,0,2,2,5,877,1077,50,4,129070
5533,1980,1431,1066,0,2,2,5,507,1066,50,8,117509
6672,1969,685,1388,1072,2,4,8,866,2460,20,3,234432
14988,1969,1274,1226,764,3,4,6,816,1990,70,9,221144
15022,1982,1170,810,836,2,3,7,390,1646,70,9,171593
6110,2006,1353,1178,645,1,3,6,548,1823,60,3,208976
16924,2002,549,1870,1040,2,5,9,350,2910,50,6,280000
11196,1966,646,1753,1090,1,1,4,846,2843,50,9,249310
11866,1938,1297,1283,0,1,4,7,541,1283,50,6,122023
12333,1990,1388,1793,1330,1,1,4,240,3123,50,7,255122
8231,1978,995,863,1184,1,1,3,409,2047,60,4,184537
10600,1935,964,1518,0,2,1,5,782,1518,50,8,145860
8825,1914,1299,1097,0,1,2,6,824,1097,120,6,127569
17225,1982,838,1841,0,3,4,7,619,1841,20,9,198889
5986,1976,872,1558,1408,3,1,3,235,2966,70,4,238492
17310,1927,1313,703,1402,1,4,6,341,2105,70,9,169842
12789,1987,1017,607,0,3,4,7,607,607,20,9,126045
19542,1998,1390,1268,886,2,2,4,535,2154,60,3,204893
14156,1966,648,739,512,1,5,7,555,1251,50,5,146730
16114,1920,889,981,572,1,4,7,789,1553,20,8,146967
11402,1974,1229,1025,505,3,4,6,457,1530,60,4,155060
13816,1991,671,629,920,3,1,4,304,1549,70,8,143388
13808,1906,1286,748,0,3,4,8,825,748,120,5,84152
5753,1928,667,1924,1175,3,4,8,401,3099,20,7,243590
13191,1978,733,1041,843,3,4,7,693,1884,60,6,179262
9362,1994,936,1492,0,2,3,7,683,1492,60,5,192699
5085,1957,1487,1678,945,3,4,6,584,2623,50,7,233220
5689,1904,585,1647,839,1,5,8,712,2486,60,8,219922
13794,1969,1287,1039,0,3,4,7,595,1039,60,4,143551
13556,1922,758,1522,0,1,2,5,422,1522,20,7,116745
7390,1989,902,755,0,2,2,4,399,755,120,9,107454
14993,1931,1250,1202,1242,1,3,5,506,2444,120,9,217323
13405,1910,1011,1082,0,2,5,7,739,1082,70,6,134540
5252,1976,953,637,0,1,3,6,245,637,20,5,79510
9340,2004,1427,1359,0,3,5,7,416,1359,70,3,165057
14245,1968,654,1226,774,3,4,8,243,2000,120,8,175147
8613,1947,1258,638,0,2,4,8,567,638,70,7,98808
17494,1934,595,1118,1121,2,3,6,475,2239,120,4,208441
17179,1938,712,1449,0,2,3,6,764,1449,60,7,174552
18974,1981,564,1943,0,1,1,5,765,1943,60,6,213617
9963,1931,1147,1497,742,2,4,6,760,2239,50,9,189095
19934,1920,534,1119,515,2,3,5,857,1634,20,6,163548
6076,1962,732,1704,868,2,5,7,560,2572,60,4,218202
13250,1954,912,1370,1217,2,3,5,311,2587,50,7,227601
19241,1989,511,617,654,2,2,5,727,1271,70,6,159018
15522,1900,1176,1818,0,1,5,7,509,1818,20,4,163109
19002,1978,1122,690,943,3,3,7,302,1633,60,9,166803
15222,1903,660,1858,0,3,3,7,237,1858,20,7,147926
10767,1925,967,1161,1405,2,5,8,851,2566,20,8,223718
14843,1911,1285,681,0,2,3,5,593,681,70,4,97100
11359,1900,594,1940,0,2,2,6,657,1940,120,7,181567
7803,1922,1051,1838,630,3,4,6,308,2468,20,9,194487
14745,1971,730,768,0,3,5,8,460,768,20,9,86480
11153,1983,608,1045,729,2,1,3,600,1774,70,9,184126
8851,1998,807,1964,0,1,2,4,770,1964,60,7,216339
12868,1996,1477,1874,0,1,4,6,436,1874,20,3,180841
13014,1963,888,918,903,2,5,9,541,1821,60,9,194090
14021,1980,976,1455,864,3,1,5,278,2319,60,7,217743
8158,1931,1234,992,0,2,4,7,276,992,20,6,82974
8775,1927,1322,1712,0,2,1,3,532,1712,60,8,152802
14468,1966,655,1792,0,1,2,4,782,1792,120,6,195980
18091,1914,1494,819,0,1,3,7,331,819,60,6,63026
17509,1909,677,1796,1005,1,5,9,896,2801,120,5,242015
7379,2004,862,1492,0,2,5,7,696,1492,50,6,173782
5302,1935,1182,1037,0,2,1,4,478,1037,60,4,122399
16373,1928,612,979,0,3,4,6,620,979,60,6,111737
17449,1930,1277,1304,0,2,3,7,883,1304,50,8,137586
19332,1933,967,1335,0,2,4,7,622,1335,60,3,141081
18257,1970,632,785,0,1,4,7,407,785,70,6,88681
17656,1925,1281,1726,0,3,1,3,443,1726,20,9,137102
13830,1949,1158,1451,0,3,5,7,304,1451,120,4,125424
13490,1905,584,1460,0,1,4,8,246,1460,60,9,129306
12069,1902,1430,1361,1445,2,4,7,725,2806,50,4,222775
15918,1906,1008,950,741,3,4,7,262,1691,50,5,123749
18980,1939,1203,1420,1339,3,1,3,315,2759,50,5,229085
5325,1914,782,1548,0,1,3,7,361,1548,120,6,135204
10316,1972,1487,1866,0,3,5,9,589,1866,60,7,180350
16106,1931,539,685,819,2,2,6,798,1504,20,9,168719
19430,1923,963,1572,0,2,1,4,335,1572,70,8,145686
13572,1961,1403,1108,1305,1,2,4,231,2413,70,8,219749
16110,2002,838,1185,0,2,3,5,529,1185,120,9,151143
7652,1901,732,1161,0,1,2,6,572,1161,50,6,111577
11056,1957,1008,979,0,3,4,6,842,979,20,7,136958
9352,1990,1365,784,1189,2,3,5,458,1973,20,7,215315
7056,1989,877,949,0,1,3,5,557,949,50,3,130752
9797,2002,1148,1859,1048,1,4,7,731,2907,120,9,282491
7538,1986,829,882,0,3,1,5,861,882,60,7,127889
17753,1903,655,1423,0,2,2,6,856,1423,60,5,144806
14592,1996,688,1166,0,1,5,7,705,1166,50,5,158393
8251,1973,1117,1804,0,1,3,7,674,1804,20,8,173437
11099,2002,615,780,1285,1,3,5,665,2065,120,3,215935
16005,1976,667,1558,0,3,1,3,456,1558,20,7,145306
16750,1947,1212,1015,1375,1,4,6,654,2390,20,4,224709
8205,1946,550,1689,864,3,3,5,370,2553,20,5,210219
17174,1926,803,1107,0,1,2,5,745,1107,70,9,132413
14075,1904,1024,1799,0,2,4,8,517,1799,20,3,137055
5952,2007,855,1852,1300,2,4,6,856,3152,70,9,297306
12008,1966,644,1527,0,2,2,5,395,1527,20,6,144727
10805,1986,983,815,1433,3,5,9,484,2248,70,6,204221
17006,1922,1260,901,0,3,2,4,623,901,120,9,85055
13291,1947,1096,1735,0,3,4,8,382,1735,120,7,179076
15215,1989,901,1054,0,2,2,5,817,1054,60,9,142355
16078,1925,915,1118,545,2,5,7,273,1663,20,8,134730
17920,1978,977,1287,0,3,4,8,333,1287,20,9,136850
15028,1931,817,977,1093,1,4,8,269,2070,20,7,183774
5449,1988,1109,1493,0,1,3,7,484,1493,120,8,168633
15306,1915,627,1169,1292,3,4,8,598,2461,20,4,216538
11329,1951,1006,768,0,1,4,8,757,768,20,9,92170
17627,1932,1284,1729,0,1,3,5,848,1729,120,6,164050
18763,1902,1183,1115,762,2,3,7,836,1877,60,9,169624
16571,1975,574,1325,0,2,4,6,860,1325,50,7,154245
19905,1961,1456,1385,1486,1,4,8,453,2871,120,3,247863
5989,1993,1220,996,1060,2,2,6,416,2056,120,8,187395
10161,1989,1102,1988,0,2,2,5,487,1988,20,7,179610
13083,1951,1128,702,0,3,5,8,815,702,60,7,100956
19445,1915,1298,1114,888,2,4,6,551,2002,60,6,188852
9004,1968,739,1266,0,3,5,9,307,1266,20,7,134258
15846,1965,1168,778,0,2,1,3,283,778,120,3,113384
17510,1971,1270,875,745,1,5,9,653,1620,120,3,164696
15243,1959,1274,1506,0,2,5,8,439,1506,60,8,163247
16419,1924,694,1451,0,1,1,5,545,1451,20,3,134141
10363,1997,1148,1206,670,1,2,5,247,1876,20,5,172590
16370,1922,702,772,0,2,2,6,548,772,70,8,72795
17767,1965,753,1462,0,3,2,6,360,1462,20,6,132638
17719,2001,1043,1650,0,3,2,6,489,1650,120,9,194056
9301,1942,872,1541,0,1,3,5,273,1541,60,5,141718
15377,1961,1177,1547,1322,2,3,5,610,2869,60,8,239386
10488,1950,1178,809,1402,1,2,4,826,2211,70,3,197320
9363,1922,681,715,0,2,1,3,239,715,60,3,70528
16799,1949,957,857,591,3,1,3,316,1448,120,8,130848
7821,2001,894,833,1349,1,3,5,224,2182,60,3,224311
13414,1989,1461,1463,0,2,1,4,335,1463,70,9,135203
12459,1933,1186,1173,0,1,2,4,765,1173,50,9,129845
17437,1906,743,1289,0,3,2,5,322,1289,70,8,99884
14047,2002,1163,1065,1329,3,5,9,892,2394,60,8,272471
5521,1956,1405,863,537,3,3,6,355,1400,120,3,129480
19980,1908,630,1473,1093,2,5,7,648,2566,120,3,218509
15416,1963,1274,1183,0,2,1,3,334,1183,70,3,137249
11337,1978,1300,1566,841,2,2,5,569,2407,70,8,230583
5060,1945,537,763,1219,2,5,7,633,1982,20,4,168448
19251,1976,584,1098,0,3,1,5,587,1098,70,7,139430
14282,1948,632,1386,842,1,4,6,862,2228,20,4,219385
7581,1948,1056,1864,1015,2,5,9,839,2879,60,5,257695
14820,1996,1074,1628,1371,1,5,7,585,2999,70,6,272458
19237,1906,621,1553,1254,1,2,4,761,2807,60,3,219689
6368,1978,1403,1961,0,3,1,5,567,1961,50,3,184795
16608,1980,1384,1557,0,1,1,5,299,1557,20,7,140863
9941,1967,515,1925,1028,2,4,7,683,2953,20,3,287087
10246,1928,1458,1423,0,3,1,5,431,1423,20,5,128808
9710,1964,927,1900,723,1,4,8,638,2623,20,6,253062
9681,1978,509,1850,0,1,4,6,520,1850,60,9,172141
16719,1948,889,1901,1229,1,5,9,306,3130,20,9,234263
7634,1972,1047,1999,0,3,2,6,618,1999,50,8,202417
10321,1963,701,1808,0,2,3,5,690,1808,60,7,174056
18033,1995,831,1089,0,2,1,5,858,1089,120,5,170311
9526,1914,877,978,0,2,3,5,508,978,60,9,114169
14757,1945,504,725,578,1,3,7,273,1303,60,3,111827
17565,1994,1265,1439,1083,2,3,7,793,2522,120,7,239252
9270,1996,1259,1961,0,1,3,5,262,1961,60,9,186196
14036,1930,754,1232,0,3,3,5,360,1232,70,4,123367
6695,1932,596,1554,668,1,2,6,338,2222,70,8,178608
13734,1941,1403,1291,0,2,2,4,711,1291,60,8,137272
7555,1919,1244,1750,0,3,2,4,304,1750,120,9,158043
13964,1990,1209,1964,1443,1,2,5,618,3407,20,7,303645
19497,1938,855,720,761,2,1,3,739,1481,50,3,155493
10546,1950,952,1416,959,1,5,9,792,2375,60,7,232682
17864,1934,1080,914,0,3,4,8,753,914,70,5,130084
15419,1968,533,611,1215,2,4,7,498,1826,20,3,168769
14272,1960,1176,708,523,1,3,6,209,1231,50,3,108514
12959,1910,1495,687,0,1,4,6,630,687,50,4,92963
18028,1905,515,665,0,3,5,7,614,665,20,4,75378
14444,1911,1417,1039,0,2,4,8,621,1039,50,7,111909
10434,1995,1104,619,0,1,2,5,330,619,70,7,115840
10022,1955,1222,941,954,2,2,5,200,1895,50,6,178653
9760,1986,745,1461,1296,3,2,4,346,2757,50,3,255706
9789,1914,775,998,730,2,2,5,491,1728,70,8,143452
15978,1965,1301,1649,0,1,2,6,389,1649,60,8,142179
8480,1949,703,939,897,3,4,8,686,1836,120,9,163793
14148,1942,1202,1493,779,3,5,7,380,2272,70,8,198252
9145,1979,1350,684,0,1,5,9,533,684,70,7,109269
6004,1994,554,1513,618,2,5,9,741,2131,20,6,222936
19554,1973,834,807,0,1,5,7,884,807,50,6,133102
17218,1954,1360,1756,1391,2,2,4,468,3147,120,3,261302
12902,1987,1065,619,1455,1,5,9,225,2074,60,5,174278
14754,1910,1462,1461,1049,1,5,7,586,2510,50,8,213371
7745,1929,1083,1564,921,2,1,5,719,2485,70,9,240200
6178,1912,1266,1103,0,1,3,5,336,1103,50,6,102543
11386,1902,1190,1719,1025,3,5,9,783,2744,60,9,218620
19225,1925,1126,1617,0,3,4,6,703,1617,70,8,162407
7089,1999,1289,608,0,1,1,3,341,608,50,5,82324
12383,1902,948,1197,0,2,1,3,445,1197,50,7,112414
9552,1923,745,1613,1159,3,4,7,747,2772,20,8,252846
10064,1968,1239,1404,571,2,3,5,283,1975,70,6,162964
11089,1993,925,822,715,3,5,7,528,1537,60,4,171549
